NEIGHBORHOOD,BUILDING CLASS CATEGORY,TAX CLASS AT PRESENT,BLOCK,LOT,BUILDING CLASS AT PRESENT,ADDRESS,ZIP CODE,RESIDENTIAL UNITS,COMMERCIAL UNITS,TOTAL UNITS,LAND SQUARE FEET,GROSS SQUARE FEET,YEAR BUILT,TAX CLASS AT TIME OF SALE,BUILDING CLASS AT TIME OF SALE,SALE PRICE,SALE DATE,LOG OF SALE PRICE
ALPHABETCITY,07RENTALS-WALKUPAPARTMENTS,2,397,33,C7,14AVENUEB,10009.0,25.0,2.0,27.0,3574.0,18212.0,1925.0,2,C7,13185684.0,2013-01-31,16.39464225355706
ALPHABETCITY,07RENTALS-WALKUPAPARTMENTS,2,398,53,C7,170EAST2NDSTREET,10009.0,36.0,3.0,39.0,4452.0,17664.0,1900.0,2,C7,3810602.0,2012-10-26,15.153297739870712
ALPHABETCITY,07RENTALS-WALKUPAPARTMENTS,2B,400,56,C4,203EAST4THSTREET,10009.0,10.0,1.0,10.0,2404.0,6975.0,1900.0,2,C4,7333333.0,2013-09-04,15.807940677199934
ALPHABETCITY,07RENTALS-WALKUPAPARTMENTS,2B,400,57,C4,201EAST4THSTREET,10009.0,9.0,1.0,9.0,2404.0,6875.0,1900.0,2,C4,7333333.0,2013-09-04,15.807940677199934
ALPHABETCITY,07RENTALS-WALKUPAPARTMENTS,2B,400,58,C4,199EAST4THSTREET,10009.0,9.0,1.0,10.0,2404.0,7110.0,1900.0,2,C4,7333333.0,2013-09-04,15.807940677199934
ALPHABETCITY,07RENTALS-WALKUPAPARTMENTS,2,400,60,C4,195EASTFOURTHSTREET,10009.0,18.0,2.0,18.0,2404.0,8975.0,1913.0,2,C4,7000000.0,2013-09-04,15.761420707019587
ALPHABETCITY,07RENTALS-WALKUPAPARTMENTS,2,404,4,C7,500EAST11STREET,10009.0,25.0,2.0,27.0,3020.0,15162.0,1920.0,2,C7,12603963.0,2013-01-31,16.349521846278986
ALPHABETCITY,07RENTALS-WALKUPAPARTMENTS,2,405,10,C7,504EAST12THSTREET,10009.0,28.0,2.0,30.0,3872.0,15428.0,1930.0,2,C7,8892981.0,2013-01-31,16.000772871867632
ALPHABETCITY,07RENTALS-WALKUPAPARTMENTS,2,405,12,C7,508EAST12THSTREET,10009.0,28.0,2.0,30.0,3872.0,15428.0,1930.0,2,C7,9528194.0,2013-01-31,16.069765750851133
ALPHABETCITY,08RENTALS-ELEVATORAPARTMENTS,2,404,48,D1,315EAST10THSTREET,10009.0,12.0,1.0,12.0,2369.0,9348.0,1920.0,2,D1,9600000.0,2013-07-05,16.077273656438063
ALPHABETCITY,14RENTALS-4-10UNIT,2A,387,133,S3,650EAST6THSTREET,10009.0,3.0,1.0,4.0,1940.0,4140.0,1920.0,2,S3,2800000.0,2013-07-19,14.845129975145433
ALPHABETCITY,14RENTALS-4-10UNIT,2A,391,33,S4,137AVENUEC,10009.0,4.0,1.0,5.0,1500.0,3540.0,1900.0,2,S4,2450000.0,2013-02-22,14.71159858252091
ALPHABETCITY,14RENTALS-4-10UNIT,2A,393,4,S4,165AVENUEB,10009.0,4.0,1.0,5.0,2201.0,5608.0,1900.0,2,S4,3800000.0,2012-04-12,15.150511624696614
ALPHABETCITY,37RELIGIOUSFACILITIES,4,392,4,M1,149AVENUEB,10009.0,2.0,1.0,3.0,2139.0,6440.0,1900.0,4,M1,4650000.0,2012-12-20,15.35237777756354
ALPHABETCITY,37RELIGIOUSFACILITIES,4,392,4,M1,149AVENUEB,10009.0,2.0,1.0,3.0,2139.0,6440.0,1900.0,4,M1,3200000.0,2012-09-27,14.978661367769956
CHELSEA,07RENTALS-WALKUPAPARTMENTS,2B,719,45,C5,402WEST22NDSTREET,10011.0,7.0,1.0,8.0,1026.0,4788.0,1900.0,2,C5,3530000.0,2012-11-15,15.07680842890948
CHELSEA,07RENTALS-WALKUPAPARTMENTS,2,744,40,C4,2058AVENUE,10011.0,10.0,1.0,11.0,2500.0,10800.0,1900.0,2,C4,15900000.0,2013-01-05,16.58182966719046
CHELSEA,07RENTALS-WALKUPAPARTMENTS,2B,764,21,C5,233WEST14THSTREET,10011.0,6.0,2.0,8.0,3000.0,8455.0,1920.0,2,C5,6800000.0,2012-10-17,15.732433170146335
CHELSEA,08RENTALS-ELEVATORAPARTMENTS,2,800,20,D6,135WEST24THSTREET,10011.0,23.0,1.0,24.0,2925.0,12609.0,1901.0,2,D6,1911390.0,2012-05-10,14.46334128403324
CHELSEA,08RENTALS-ELEVATORAPARTMENTS,2,801,49,D5,110WEST26THSTREET,10001.0,11.0,2.0,13.0,4090.0,26027.0,1907.0,2,D5,2176160.0,2012-12-21,14.59307241366658
CHELSEA,14RENTALS-4-10UNIT,2B,794,12,S5,153WEST18THSTREET,10011.0,6.0,1.0,7.0,1553.0,3800.0,1877.0,2,S5,10405882.0,2012-11-28,16.15788178115633
CHELSEA,14RENTALS-4-10UNIT,2A,803,33,S9,103WEST27THSTREET,10001.0,3.0,2.0,5.0,1668.0,4796.0,1920.0,2,S9,3500000.0,2013-03-27,15.068273526459642
CHELSEA,22STOREBUILDINGS,4,738,79,K9,589AVENUE,10011.0,2.0,1.0,3.0,1692.0,3842.0,1920.0,4,K9,18200000.0,2013-08-04,16.716932152047026
CHELSEA,22STOREBUILDINGS,4,799,41,K4,727AVENUEOFTHEAMER,10010.0,2.0,2.0,4.0,1636.0,5976.0,1894.0,4,K4,8150000.0,2013-12-07,15.913528485217045
CHELSEA,23LOFTBUILDINGS,4,793,29,L8,111WEST17THSTREET,10011.0,1.0,4.0,5.0,1840.0,8900.0,1920.0,4,L8,7250000.0,2012-10-16,15.796512026830857
CHELSEA,23LOFTBUILDINGS,4,797,29,L9,117WEST21STSTREET,10011.0,1.0,1.0,2.0,4337.0,18591.0,1900.0,4,L9,12000000.0,2013-05-15,16.300417207752275
CHELSEA,23LOFTBUILDINGS,4,798,59,L8,128WEST23RDSTREET,10011.0,3.0,1.0,4.0,2468.0,7080.0,1920.0,4,L8,4500000.0,2013-06-14,15.319587954740548
CHELSEA,30WAREHOUSES,4,794,11,E9,155WEST18THSTREET,10011.0,6.0,6.0,12.0,10053.0,32380.0,1930.0,4,E9,16622383.0,2012-11-28,16.62626071858155
CHINATOWN,02TWOFAMILYHOMES,1,281,38,S2,53-55DIVISIONSTREET,10002.0,2.0,1.0,3.0,1708.0,3619.0,1920.0,1,S2,2800000.0,2013-06-27,14.845129975145433
CHINATOWN,07RENTALS-WALKUPAPARTMENTS,2,237,11,C7,146MULBERRYSTREET,10013.0,15.0,1.0,16.0,3572.0,19858.0,1900.0,2,C7,6900000.0,2013-07-08,15.747031969567487
CHINATOWN,07RENTALS-WALKUPAPARTMENTS,2,275,1,C7,125MADISONSTREET,10002.0,15.0,1.0,16.0,1779.0,6810.0,1900.0,2,C7,2265000.0,2012-12-18,14.63308531689927
CHINATOWN,07RENTALS-WALKUPAPARTMENTS,2,277,18,C7,109MADISONSTREET,10002.0,20.0,2.0,22.0,2514.0,9480.0,1900.0,2,C7,4500000.0,2012-03-08,15.319587954740548
CHINATOWN,07RENTALS-WALKUPAPARTMENTS,2,303,10,C7,83BOWERY,10002.0,12.0,3.0,15.0,2923.0,12665.0,1910.0,2,C7,9326496.0,2013-03-06,16.048369939581228
CHINATOWN,07RENTALS-WALKUPAPARTMENTS,2,306,1,C7,119HESTERSTREET,10002.0,25.0,4.0,29.0,3392.0,17025.0,1910.0,2,C7,7400000.0,2012-08-30,15.816990558174398
CHINATOWN,14RENTALS-4-10UNIT,2B,206,17,S5,125MULBERRYSTREET,10013.0,6.0,1.0,7.0,2150.0,7434.0,1910.0,2,S5,9750000.0,2012-12-30,16.09277784297403
CHINATOWN,21OFFICEBUILDINGS,4,162,53,O9,18BOWERY,10013.0,2.0,5.0,7.0,2500.0,8142.0,1905.0,4,O9,5380000.0,2012-12-28,15.498198932137967
CHINATOWN,22STOREBUILDINGS,4,171,7,K9,360BROADWAY,10013.0,5.0,4.0,9.0,6443.0,31500.0,1900.0,4,K9,3406300.0,2013-05-22,15.04113721618504
CHINATOWN,22STOREBUILDINGS,4,304,5,K9,103BOWERY,10002.0,4.0,1.0,5.0,2626.0,9814.0,1915.0,4,K9,4131745.0,2013-03-06,15.234210393861359
CHINATOWN,22STOREBUILDINGS,4,304,6,K9,105BOWERY,10002.0,4.0,1.0,5.0,2615.0,10060.0,1900.0,4,K9,3816973.0,2013-03-06,15.154968258084324
CIVICCENTER,07RENTALS-WALKUPAPARTMENTS,2B,150,17,C7,118DUANESTREET,10007.0,7.0,3.0,10.0,5833.0,27853.0,1915.0,2,C7,11000000.0,2013-04-06,16.213405830762646
CIVICCENTER,08RENTALS-ELEVATORAPARTMENTS,2A,146,14,D2,148DUANESTREET,10013.0,4.0,2.0,6.0,3909.0,17000.0,1930.0,2,D2,5663000.0,2012-12-14,15.549464345095942
CIVICCENTER,08RENTALS-ELEVATORAPARTMENTS,2A,146,14,D2,148DUANESTREET,10013.0,4.0,2.0,6.0,3909.0,17000.0,1930.0,2,D2,5662000.0,2012-12-14,15.549287744653983
CIVICCENTER,08RENTALS-ELEVATORAPARTMENTS,2,173,17,D7,74LEONARDSTREET,10013.0,18.0,1.0,19.0,3828.0,23000.0,1920.0,2,D7,13650000.0,2012-09-10,16.429250079595242
CIVICCENTER,14RENTALS-4-10UNIT,2A,177,6,S9,55LEONARDSTREET,10013.0,4.0,2.0,6.0,2442.0,10800.0,1915.0,2,S9,4200000.0,2012-09-28,15.250595083253597
CIVICCENTER,22STOREBUILDINGS,4,178,21,K9,1WHITESTREET,10013.0,1.0,2.0,3.0,705.0,2820.0,1915.0,4,K9,4200000.0,2013-06-18,15.250595083253597
CIVICCENTER,23LOFTBUILDINGS,4,174,11,L9,69LEONARDSTREET,10013.0,5.0,2.0,7.0,2885.0,14425.0,1910.0,4,L9,2669333.0,2012-12-21,14.797339186433952
CIVICCENTER,23LOFTBUILDINGS,4,174,19,L9,91FRANKLINSTREET,10013.0,3.0,2.0,5.0,2342.0,10298.0,1920.0,4,L9,1200000.0,2012-08-21,13.997832114758229
CLINTON,02TWOFAMILYHOMES,1,1060,154,S2,448WEST51STSTREET,10019.0,2.0,1.0,3.0,1883.0,5492.0,1910.0,1,S2,2950000.0,2012-08-27,14.897315728316002
CLINTON,07RENTALS-WALKUPAPARTMENTS,2,1055,29,C7,6439AVENUE,10036.0,19.0,2.0,21.0,3200.0,15200.0,1910.0,2,C7,17000000.0,2013-05-28,16.64872390202049
CLINTON,07RENTALS-WALKUPAPARTMENTS,2B,1059,29,C7,7219AVENUE,10019.0,8.0,1.0,9.0,3160.0,10200.0,1910.0,2,C7,600000.0,2012-08-22,13.304684934198283
CLINTON,07RENTALS-WALKUPAPARTMENTS,2,1060,32,C7,7479AVENUE,10019.0,12.0,1.0,13.0,2500.0,9900.0,1901.0,2,C7,5375000.0,2013-11-06,15.497269131978001
CLINTON,07RENTALS-WALKUPAPARTMENTS,2,1060,44,C7,420-424WEST51STSTREET,10019.0,12.0,1.0,13.0,5021.0,13069.0,1910.0,2,C7,5325000.0,2012-10-22,15.487923269559763
CLINTON,07RENTALS-WALKUPAPARTMENTS,2,1063,12,C7,437WEST53RDSTREET,10019.0,11.0,1.0,12.0,2510.0,8641.0,1910.0,2,C7,3950000.0,2013-03-19,15.189226136877304
CLINTON,07RENTALS-WALKUPAPARTMENTS,2,1064,4,C7,81810THAVENUE,10019.0,16.0,2.0,18.0,3333.0,12330.0,1910.0,2,C7,8400000.0,2013-06-08,15.943742263813542
CLINTON,07RENTALS-WALKUPAPARTMENTS,2B,1064,9,C7,443WEST54THSTREET,10019.0,7.0,1.0,8.0,2750.0,7457.0,1920.0,2,C7,4000000.0,2012-11-26,15.201804919084164
CLINTON,07RENTALS-WALKUPAPARTMENTS,2B,1086,30,C7,87710THAVENUE,10019.0,8.0,2.0,10.0,1875.0,7500.0,1910.0,2,C7,4800000.0,2012-11-20,15.38412647587812
CLINTON,08RENTALS-ELEVATORAPARTMENTS,2B,1058,62,D6,69810THAVENUE,10019.0,9.0,1.0,10.0,2193.0,9385.0,1910.0,2,D6,5500000.0,2013-06-13,15.520258650202699
CLINTON,14RENTALS-4-10UNIT,2A,1055,130,S4,6479AVENUE,10036.0,4.0,1.0,5.0,1613.0,6694.0,1910.0,2,S4,8500000.0,2013-05-28,15.955576721460545
CLINTON,14RENTALS-4-10UNIT,2A,1059,34,S9,733NINTHAVENUE,10019.0,3.0,2.0,5.0,2100.0,7740.0,1910.0,2,S9,6275000.0,2012-12-27,15.652084042982121
CLINTON,14RENTALS-4-10UNIT,2A,1059,162,S4,458WEST50THSTREET,10019.0,4.0,1.0,5.0,1205.0,3780.0,1910.0,2,S4,2980000.0,2012-12-20,14.907433858481587
CLINTON,23LOFTBUILDINGS,4,1064,5,L8,451WEST54THSTREET,10019.0,1.0,1.0,2.0,2460.0,6352.0,1920.0,4,L8,6850000.0,2013-05-29,15.739759210238407
EASTVILLAGE,02TWOFAMILYHOMES,1,436,1,S2,1381AVENUE,10009.0,2.0,1.0,3.0,1200.0,3360.0,1900.0,1,S2,635000.0,2012-01-08,13.36138027787483
EASTVILLAGE,07RENTALS-WALKUPAPARTMENTS,2,434,16,C7,104EAST7THSTREET,10009.0,16.0,2.0,18.0,2271.0,8236.0,1900.0,2,C7,2850000.0,2012-11-15,14.862829552244833
EASTVILLAGE,07RENTALS-WALKUPAPARTMENTS,2,436,41,C7,111ST.MARKSPLACE,10009.0,10.0,2.0,12.0,2348.0,6115.0,1900.0,2,C7,4350000.0,2013-08-01,15.285686403064867
EASTVILLAGE,07RENTALS-WALKUPAPARTMENTS,2,436,42,C7,109STMARK'SPLACE,10009.0,25.0,1.0,26.0,2348.0,10386.0,1920.0,2,C7,7000000.0,2012-09-08,15.761420707019587
EASTVILLAGE,07RENTALS-WALKUPAPARTMENTS,2,437,35,C7,435EAST9THSTREET,10009.0,14.0,2.0,16.0,2306.0,7413.0,1900.0,2,C7,4950000.0,2012-08-30,15.414898134544874
EASTVILLAGE,07RENTALS-WALKUPAPARTMENTS,2B,438,30,C7,167AVENUEA,10009.0,8.0,1.0,9.0,2225.0,9030.0,1910.0,2,C7,7715462.0,2013-01-31,15.858736925330597
EASTVILLAGE,07RENTALS-WALKUPAPARTMENTS,2B,438,31,C5,165AVENUEA,10009.0,9.0,1.0,10.0,2225.0,9115.0,1910.0,2,C5,8572735.0,2013-01-31,15.964097376183489
EASTVILLAGE,07RENTALS-WALKUPAPARTMENTS,2,438,44,C7,267EAST10THSTREET,10009.0,18.0,2.0,20.0,2369.0,8100.0,1920.0,2,C7,5650000.0,2012-08-30,15.547166103122624
EASTVILLAGE,07RENTALS-WALKUPAPARTMENTS,2,440,42,C7,435EAST12THSTREET,10009.0,20.0,1.0,21.0,2504.0,9335.0,1900.0,2,C7,5914167.0,2013-01-31,15.592861217075006
EASTVILLAGE,07RENTALS-WALKUPAPARTMENTS,2,441,35,C7,211AVENUEA,10009.0,35.0,3.0,38.0,5171.0,23984.0,1900.0,2,C7,15318662.0,2013-01-31,16.544582381648016
EASTVILLAGE,07RENTALS-WALKUPAPARTMENTS,2,445,37,C7,99EAST3RDSTREET,10003.0,10.0,1.0,11.0,962.0,3848.0,1910.0,2,C7,6000000.0,2013-01-31,15.60727002719233
EASTVILLAGE,07RENTALS-WALKUPAPARTMENTS,2B,447,15,C7,318EAST6THSTREET,10003.0,8.0,1.0,9.0,2425.0,6822.0,1900.0,2,C7,5100000.0,2012-08-30,15.444751097694555
EASTVILLAGE,07RENTALS-WALKUPAPARTMENTS,2B,449,31,C7,1291AVENUE,10003.0,8.0,2.0,10.0,1225.0,5390.0,1900.0,2,C7,4653771.0,2013-01-31,15.353188416648809
EASTVILLAGE,07RENTALS-WALKUPAPARTMENTS,2B,449,40,C7,83EAST7THSTREET,10003.0,8.0,1.0,9.0,2438.0,7677.0,1900.0,2,C7,4400000.0,2012-11-15,15.29711509888849
EASTVILLAGE,07RENTALS-WALKUPAPARTMENTS,2B,450,30,C7,1431AVENUE,10003.0,8.0,2.0,10.0,2342.0,5980.0,1900.0,2,C7,5041585.0,2013-01-31,15.433231074734767
EASTVILLAGE,07RENTALS-WALKUPAPARTMENTS,2B,451,25,C7,228EAST10THSTREET,10003.0,9.0,1.0,10.0,2300.0,6928.0,1900.0,2,C7,4200000.0,2013-06-25,15.250595083253597
EASTVILLAGE,07RENTALS-WALKUPAPARTMENTS,2B,451,44,C7,335EAST9THSTREET,10003.0,8.0,2.0,10.0,2306.0,6510.0,1900.0,2,C7,20250000.0,2013-03-14,16.823665351516823
EASTVILLAGE,07RENTALS-WALKUPAPARTMENTS,2,452,17,C7,318EAST11THSTREET,10003.0,16.0,2.0,18.0,2369.0,10392.0,1900.0,2,C7,7000000.0,2012-08-30,15.761420707019587
EASTVILLAGE,07RENTALS-WALKUPAPARTMENTS,2,452,26,C7,338EAST11THSTREET,10003.0,19.0,2.0,21.0,2369.0,9125.0,1900.0,2,C7,8342623.0,2013-01-31,15.936888233280818
EASTVILLAGE,07RENTALS-WALKUPAPARTMENTS,2,452,27,C7,340EAST11THSTREET,10003.0,16.0,2.0,18.0,2369.0,9515.0,1900.0,2,C7,5133921.0,2013-01-31,15.451380252682833
EASTVILLAGE,07RENTALS-WALKUPAPARTMENTS,2B,463,51,C7,13EAST7THSTREET,10003.0,8.0,2.0,10.0,1950.0,7280.0,1900.0,2,C7,3900000.0,2012-09-28,15.176487111099874
EASTVILLAGE,14RENTALS-4-10UNIT,2B,429,34,S5,23AVENUEA,10009.0,6.0,1.0,7.0,1230.0,4388.0,1920.0,2,S5,4459864.0,2013-01-31,15.310628830257775
EASTVILLAGE,14RENTALS-4-10UNIT,2A,434,54,S4,407EAST6THSTREET,10009.0,4.0,1.0,5.0,1945.0,4060.0,1900.0,2,S4,3605000.0,2012-12-14,15.097832328701186
EASTVILLAGE,14RENTALS-4-10UNIT,2A,435,35,S4,115AVENUEA,10009.0,4.0,1.0,5.0,2442.0,5450.0,1900.0,2,S4,3000000.0,2012-02-08,14.914122846632385
EASTVILLAGE,14RENTALS-4-10UNIT,2A,439,28,S9,191AVENUEA,10009.0,3.0,2.0,5.0,2695.0,10730.0,1900.0,2,S9,5526353.0,2013-01-31,15.525038662266022
EASTVILLAGE,14RENTALS-4-10UNIT,2A,446,6,S9,82SECONDAVENUE,10003.0,4.0,2.0,6.0,2400.0,4956.0,1920.0,2,S9,3160500.0,2012-12-19,14.966240800894491
EASTVILLAGE,14RENTALS-4-10UNIT,2B,467,21,S5,224EAST12THSTREET,10003.0,6.0,1.0,7.0,2485.0,8963.0,1910.0,2,S5,4000000.0,2013-04-30,15.201804919084164
EASTVILLAGE,22STOREBUILDINGS,4,458,1,K9,325BOWERY,10003.0,2.0,3.0,5.0,1787.0,6624.0,1900.0,4,K9,9250000.0,2013-06-21,16.04013410948861
EASTVILLAGE,22STOREBUILDINGS,4,469,19,K9,222EAST14THSTREET,10003.0,3.0,2.0,5.0,1652.0,5492.0,1900.0,4,K9,4100000.0,2013-04-04,15.226497531674536
FASHION,14RENTALS-4-10UNIT,2A,779,7,S3,257WEST29THSTREET,10001.0,3.0,1.0,4.0,2467.0,5358.0,1920.0,2,S3,6250000.0,2013-02-20,15.648092021712584
FASHION,14RENTALS-4-10UNIT,2A,833,27,S9,23WEST31STSTREET,10001.0,4.0,2.0,6.0,2469.0,8797.0,1925.0,2,S9,4000000.0,2013-01-05,15.201804919084164
FASHION,14RENTALS-4-10UNIT,2A,833,27,S9,23WEST31STSTREET,10001.0,4.0,2.0,6.0,2469.0,8797.0,1925.0,2,S9,1850000.0,2013-01-05,14.430696197054507
FASHION,14RENTALS-4-10UNIT,2B,841,12,S9,49WEST39THSTREET,10018.0,5.0,3.0,8.0,2063.0,9660.0,1910.0,2,S9,5949162.0,2013-11-01,15.598760927266747
FASHION,22STOREBUILDINGS,4,778,31,K9,215WEST28THSTREET,10001.0,1.0,1.0,2.0,2456.0,7603.0,1920.0,4,K9,9000000.0,2012-12-13,16.012735135300492
FASHION,23LOFTBUILDINGS,4,831,52,L8,22WEST30THSTREET,10001.0,4.0,2.0,6.0,2469.0,9745.0,1910.0,4,L8,6750000.0,2012-06-09,15.725053062848712
FASHION,23LOFTBUILDINGS,4,838,83,L8,62WEST37THSTREET,10018.0,3.0,3.0,6.0,2123.0,7392.0,1910.0,4,L8,5886500.0,2012-12-17,15.58817215150039
FINANCIAL,07RENTALS-WALKUPAPARTMENTS,2,53,36,C7,106GREENWICHSTREET,10006.0,16.0,2.0,18.0,2796.0,10950.0,1900.0,2,C7,5700000.0,2013-05-16,15.555976732804778
FINANCIAL,14RENTALS-4-10UNIT,2B,11,10,S5,20BEAVERSTREET,10004.0,6.0,1.0,7.0,1701.0,6770.0,1900.0,2,S5,4500000.0,2012-12-20,15.319587954740548
FINANCIAL,14RENTALS-4-10UNIT,2A,64,5,S3,53NASSAUSTREET,10005.0,3.0,1.0,4.0,915.0,4134.0,1900.0,2,S3,2000000.0,2012-12-20,14.508657738524219
FINANCIAL,14RENTALS-4-10UNIT,2A,64,24,S4,16MAIDENLANE,10038.0,4.0,1.0,5.0,1013.0,4420.0,1900.0,2,S4,3000000.0,2012-12-20,14.914122846632385
FINANCIAL,14RENTALS-4-10UNIT,2A,64,25,S4,8LIBERTYPLACE,10005.0,4.0,1.0,5.0,1013.0,5065.0,1900.0,2,S4,3000000.0,2012-12-20,14.914122846632385
FINANCIAL,14RENTALS-4-10UNIT,2A,65,22,S3,20JOHNSTREET,10038.0,3.0,1.0,4.0,1607.0,5460.0,1920.0,2,S3,4000000.0,2012-12-20,15.201804919084164
FINANCIAL,22STOREBUILDINGS,4,53,38,K9,98GREENWICHSTREET,10006.0,7.0,2.0,9.0,4537.0,22600.0,1929.0,4,K9,19000000.0,2012-12-19,16.759949537130716
FINANCIAL,22STOREBUILDINGS,4,78,45,K9,120FULTONSTREET,10038.0,4.0,4.0,8.0,4133.0,15600.0,1900.0,4,K9,14000000.0,2012-12-27,16.454567887579532
FLATIRON,07RENTALS-WALKUPAPARTMENTS,2B,821,19,C7,37WEST19THSTREET,10011.0,7.0,1.0,8.0,2300.0,14600.0,1910.0,2,C7,10215018.0,2012-08-30,16.139369548346846
FLATIRON,07RENTALS-WALKUPAPARTMENTS,2,851,32,C5,41-43EAST22NDSTREET,10010.0,24.0,2.0,26.0,4938.0,20500.0,1900.0,2,C5,35250000.0,2013-07-06,17.377976087222553
FLATIRON,08RENTALS-ELEVATORAPARTMENTS,2,850,24,D9,31EAST21STSTREET,10010.0,18.0,1.0,19.0,2419.0,8300.0,1900.0,2,D9,2769455.0,2013-01-01,14.834161107902997
FLATIRON,14RENTALS-4-10UNIT,2B,828,24,S9,111/2WEST26THSTREET,10010.0,6.0,3.0,9.0,1641.0,6139.0,1905.0,2,S9,4400000.0,2012-11-12,15.29711509888849
FLATIRON,14RENTALS-4-10UNIT,2B,829,47,S9,10WEST28THSTREET,10001.0,6.0,2.0,8.0,2469.0,8031.0,1930.0,2,S9,5980000.0,2013-06-14,15.603931125926815
FLATIRON,23LOFTBUILDINGS,4,822,69,L9,52WEST21STSTREET,10010.0,3.0,2.0,5.0,1392.0,4915.0,1910.0,4,L9,4400000.0,2013-06-02,15.29711509888849
FLATIRON,23LOFTBUILDINGS,4,828,13,L9,31WEST26THSTREET,10010.0,4.0,1.0,5.0,2469.0,8970.0,1920.0,4,L9,5600000.0,2012-06-12,15.538277155705378
GRAMERCY,01ONEFAMILYHOMES,1,875,11,A4,111EAST19THSTREET,10003.0,1.0,1.0,1.0,1250.0,3520.0,1910.0,1,A4,5750000.0,2013-08-08,15.564710412773533
GRAMERCY,07RENTALS-WALKUPAPARTMENTS,2,871,47,C7,1623AVENUE,10003.0,15.0,2.0,17.0,2550.0,9500.0,1900.0,2,C7,318000.0,2012-01-10,12.669806661762314
GRAMERCY,07RENTALS-WALKUPAPARTMENTS,2,903,41,C7,234EAST23RDSTREET,10010.0,9.0,2.0,11.0,4115.0,9164.0,1926.0,2,C7,8000000.0,2013-06-18,15.89495209964411
GRAMERCY,07RENTALS-WALKUPAPARTMENTS,2,905,24,C4,241EAST24THSTREET,10010.0,16.0,2.0,18.0,2403.0,7410.0,1920.0,2,C4,4000000.0,2013-01-07,15.201804919084164
GRAMERCY,08RENTALS-ELEVATORAPARTMENTS,2,874,60,D1,78IRVINGPLACE,10003.0,15.0,1.0,16.0,2880.0,16069.0,1920.0,2,D1,17900000.0,2013-06-14,16.70031127081098
GRAMERCY,14RENTALS-4-10UNIT,2A,874,42,S4,216THIRDAVENUE,10003.0,4.0,1.0,5.0,1080.0,4320.0,1900.0,2,S4,3615000.0,2013-01-16,15.100602413575002
GREENWICHVILLAGE-CENTRAL,02TWOFAMILYHOMES,1,529,54,S2,25BLEECKERSTREET,10001.0,2.0,1.0,3.0,1360.0,2962.0,1899.0,1,S2,3800000.0,2013-10-04,15.150511624696614
GREENWICHVILLAGE-CENTRAL,02TWOFAMILYHOMES,1,539,36,S2,157BLEECKERSTREET,10012.0,2.0,1.0,3.0,2500.0,5100.0,1901.0,1,S2,5300000.0,2012-12-31,15.483217378522351
GREENWICHVILLAGE-CENTRAL,07RENTALS-WALKUPAPARTMENTS,2,540,9,C7,120MACDOUGALSTREET,10012.0,26.0,2.0,28.0,2500.0,13618.0,1910.0,2,C7,9500000.0,2012-08-30,16.06680235657077
GREENWICHVILLAGE-CENTRAL,07RENTALS-WALKUPAPARTMENTS,2,552,33,C7,143WEST4THSTREET,10012.0,11.0,1.0,12.0,2855.0,10570.0,1900.0,2,C7,11325000.0,2012-08-14,16.242523229333372
GREENWICHVILLAGE-CENTRAL,07RENTALS-WALKUPAPARTMENTS,2B,576,53,C7,21WEST12THSTREET,10011.0,8.0,1.0,9.0,2662.0,8750.0,1920.0,2,C7,7650000.0,2012-12-17,15.850216205802719
GREENWICHVILLAGE-CENTRAL,14RENTALS-4-10UNIT,2A,526,59,S4,180BLEECKERSTREET,10012.0,4.0,1.0,5.0,1647.0,4064.0,1900.0,2,S4,4225000.0,2012-11-15,15.25652981877341
GREENWICHVILLAGE-CENTRAL,14RENTALS-4-10UNIT,2A,529,43,S3,3BLEECKER,10012.0,3.0,1.0,4.0,1000.0,3741.0,1900.0,2,S3,3095050.0,2012-05-11,14.945314619059195
GREENWICHVILLAGE-CENTRAL,14RENTALS-4-10UNIT,2A,529,140,S3,324BOWERY,10012.0,3.0,1.0,4.0,1002.0,4009.0,1920.0,2,S3,2834975.0,2012-05-11,14.857543676762957
GREENWICHVILLAGE-CENTRAL,14RENTALS-4-10UNIT,2A,537,29,S4,532LAGUARDIAPLACE,10012.0,4.0,1.0,5.0,1875.0,7665.0,1900.0,2,S4,7650000.0,2012-12-17,15.850216205802719
GREENWICHVILLAGE-CENTRAL,22STOREBUILDINGS,4,543,42,K4,150WEST4THSTREET,10012.0,2.0,1.0,3.0,1763.0,2481.0,1950.0,4,K4,1050000.0,2013-12-02,13.864300722133706
GREENWICHVILLAGE-WEST,01ONEFAMILYHOMES,1,613,49,S1,208WEST11THSTREET,10014.0,1.0,1.0,2.0,1062.0,3040.0,1910.0,1,S1,6150000.0,2013-01-05,15.631962639782701
GREENWICHVILLAGE-WEST,02TWOFAMILYHOMES,1,527,91,S2,27DOWNINGSTREET,10014.0,2.0,1.0,3.0,1750.0,4850.0,1899.0,1,S2,7275000.0,2013-05-04,15.79995437102183
GREENWICHVILLAGE-WEST,02TWOFAMILYHOMES,1,615,4,B1,307WEST4THSTREET,10014.0,2.0,1.0,2.0,1440.0,3710.0,1899.0,1,B1,12500000.0,2013-05-22,16.34123920227253
GREENWICHVILLAGE-WEST,02TWOFAMILYHOMES,1,625,42,S2,158AVENUE,10014.0,2.0,1.0,3.0,840.0,2400.0,1920.0,1,S2,3500000.0,2013-03-06,15.068273526459642
GREENWICHVILLAGE-WEST,07RENTALS-WALKUPAPARTMENTS,2,527,72,C7,228BLEECKERSTREET,10014.0,25.0,3.0,28.0,3500.0,16205.0,1900.0,2,C7,18700000.0,2012-12-17,16.744034081824815
GREENWICHVILLAGE-WEST,07RENTALS-WALKUPAPARTMENTS,2,603,65,C7,455HUDSONSTREET,10014.0,39.0,2.0,41.0,5000.0,21732.0,1920.0,2,C7,5400000.0,2012-09-24,15.501909511534503
GREENWICHVILLAGE-WEST,07RENTALS-WALKUPAPARTMENTS,2,610,64,C7,9CHRISTOPHERSTREET,10014.0,13.0,2.0,15.0,3465.0,13500.0,1940.0,2,C7,12000000.0,2012-05-12,16.300417207752275
GREENWICHVILLAGE-WEST,07RENTALS-WALKUPAPARTMENTS,2,614,56,C7,2BANKSTREET,10014.0,20.0,2.0,22.0,3870.0,17733.0,1926.0,2,C7,8499562.0,2013-08-03,15.955525190721094
GREENWICHVILLAGE-WEST,07RENTALS-WALKUPAPARTMENTS,2,619,83,C7,89CHRISTOPHERSTREET,10014.0,20.0,2.0,22.0,2400.0,10950.0,1910.0,2,C7,13500000.0,2013-06-25,16.41820024340866
GREENWICHVILLAGE-WEST,07RENTALS-WALKUPAPARTMENTS,2,619,83,C7,89CHRISTOPHERSTREET,10014.0,20.0,2.0,22.0,2400.0,10950.0,1910.0,2,C7,6500000.0,2012-12-19,15.687312734865866
GREENWICHVILLAGE-WEST,08RENTALS-ELEVATORAPARTMENTS,2,614,61,D8,201WEST11THSTREET,10014.0,42.0,8.0,50.0,7800.0,38478.0,1920.0,2,D8,48000000.0,2012-12-13,17.686711568872166
GREENWICHVILLAGE-WEST,14RENTALS-4-10UNIT,2A,527,88,S3,21DOWNINGSTREET,10014.0,3.0,1.0,4.0,1138.0,3636.0,1900.0,2,S3,5300000.0,2013-06-28,15.483217378522351
GREENWICHVILLAGE-WEST,14RENTALS-4-10UNIT,2A,527,88,S3,21DOWNINGSTREET,10014.0,3.0,1.0,4.0,1138.0,3636.0,1900.0,2,S3,5544000.0,2012-09-24,15.528226819851875
GREENWICHVILLAGE-WEST,14RENTALS-4-10UNIT,2A,619,50,S9,329BLEECKERSTREET,10014.0,4.0,2.0,6.0,1320.0,3705.0,1905.0,2,S9,18842000.0,2013-06-25,16.75159897859075
HARLEM-CENTRAL,01ONEFAMILYHOMES,1,1908,133,S1,273LENOXAVENUE,10027.0,1.0,1.0,2.0,1275.0,3970.0,1909.0,1,S1,1700000.0,2013-06-19,14.346138809026444
HARLEM-CENTRAL,01ONEFAMILYHOMES,1,1940,29,S1,2280ADAMCPOWELLBLVD,10030.0,1.0,1.0,2.0,1197.0,5272.0,1910.0,1,S1,990000.0,2012-11-29,13.805460222110773
HARLEM-CENTRAL,07RENTALS-WALKUPAPARTMENTS,2,1735,36,C7,22545AVENUE,10037.0,16.0,2.0,18.0,3125.0,12622.0,1920.0,2,C7,3370000.0,2013-02-28,15.030423302328545
HARLEM-CENTRAL,07RENTALS-WALKUPAPARTMENTS,2,1745,71,C7,1469-1471FIFTHAVENUE,10035.0,23.0,3.0,26.0,5555.0,23310.0,1921.0,2,C7,3050000.0,2013-07-03,14.930652148583594
HARLEM-CENTRAL,07RENTALS-WALKUPAPARTMENTS,2B,1749,64,C7,14EAST125STREET,10035.0,8.0,2.0,10.0,4445.0,14664.0,1900.0,2,C7,1850000.0,2013-07-02,14.430696197054507
HARLEM-CENTRAL,07RENTALS-WALKUPAPARTMENTS,2B,1750,25,C7,"61EAST125THSTREET,",10035.0,7.0,1.0,8.0,1682.0,6048.0,1930.0,2,C7,3150000.0,2012-12-13,14.962913010801817
HARLEM-CENTRAL,07RENTALS-WALKUPAPARTMENTS,2,1829,1,C7,20908THAVENUE,10026.0,13.0,3.0,16.0,2542.0,11615.0,1900.0,2,C7,6420000.0,2012-11-19,15.674928675666145
HARLEM-CENTRAL,07RENTALS-WALKUPAPARTMENTS,2,1831,43,C7,220WEST116STREET,10026.0,35.0,6.0,41.0,10647.0,46080.0,1910.0,2,C7,8800000.0,2012-08-11,15.990262279448435
HARLEM-CENTRAL,07RENTALS-WALKUPAPARTMENTS,2,1907,61,C7,170WEST123RDSTREET,10027.0,13.0,2.0,15.0,3850.0,20145.0,1910.0,2,C7,3500000.0,2012-08-27,15.068273526459642
HARLEM-CENTRAL,07RENTALS-WALKUPAPARTMENTS,2B,1916,30,C7,423LENOXAVENUE,10037.0,9.0,1.0,10.0,1875.0,7395.0,1910.0,2,C7,5250000.0,2013-07-29,15.473738634567807
HARLEM-CENTRAL,07RENTALS-WALKUPAPARTMENTS,2B,1918,1,C7,2261SEVENTHAVENUE,10030.0,8.0,2.0,10.0,1869.0,8845.0,1910.0,2,C7,6750000.0,2012-08-14,15.725053062848712
HARLEM-CENTRAL,07RENTALS-WALKUPAPARTMENTS,2B,1924,3,C7,21948THAVE,10026.0,8.0,2.0,10.0,2000.0,7715.0,1910.0,2,C7,3050000.0,2013-02-05,14.930652148583594
HARLEM-CENTRAL,07RENTALS-WALKUPAPARTMENTS,2B,1927,4,C7,2264FREDERICKDOUGLASSB,10027.0,9.0,1.0,10.0,2500.0,8750.0,1910.0,2,C7,2525000.0,2012-10-18,14.741751620691597
HARLEM-CENTRAL,07RENTALS-WALKUPAPARTMENTS,2B,1938,31,C7,22487THAVENUE,10027.0,8.0,1.0,9.0,2500.0,9400.0,1910.0,2,C7,1650000.0,2013-03-20,14.316285845876763
HARLEM-CENTRAL,07RENTALS-WALKUPAPARTMENTS,2B,1939,33,C7,2270ADAMCPOWELLBLVD,10030.0,8.0,1.0,9.0,1600.0,6355.0,1910.0,2,C7,1190000.0,2012-02-11,13.989463865087712
HARLEM-CENTRAL,07RENTALS-WALKUPAPARTMENTS,2B,1942,29,C7,201WEST136TH,10030.0,9.0,1.0,10.0,3242.0,14355.0,1910.0,2,C7,2000000.0,2012-04-12,14.508657738524219
HARLEM-CENTRAL,07RENTALS-WALKUPAPARTMENTS,2B,1958,20,C7,24558THAVENUE,10027.0,7.0,1.0,8.0,2525.0,8460.0,1901.0,2,C7,1650000.0,2013-03-20,14.316285845876763
HARLEM-CENTRAL,07RENTALS-WALKUPAPARTMENTS,2,2007,1,C7,145WEST138STREET,10030.0,13.0,1.0,14.0,2500.0,11382.0,1915.0,2,C7,2750000.0,2013-08-07,14.827111469642754
HARLEM-CENTRAL,07RENTALS-WALKUPAPARTMENTS,2,2030,27,C7,203WEST144THSTREET,10030.0,28.0,2.0,30.0,4996.0,21678.0,1921.0,2,C7,5000000.0,2013-07-26,15.424948470398375
HARLEM-CENTRAL,08RENTALS-ELEVATORAPARTMENTS,2B,1825,139,D6,108WEST116THSTREET,10026.0,8.0,1.0,9.0,2018.0,9240.0,1900.0,2,D6,1915000.0,2012-09-10,14.465228180596883
HARLEM-CENTRAL,08RENTALS-ELEVATORAPARTMENTS,2,1913,61,D7,2167ADAMCPOWELLBLVD,10027.0,55.0,5.0,60.0,7500.0,35292.0,1910.0,2,D7,7150000.0,2012-11-10,15.78262291467019
HARLEM-CENTRAL,08RENTALS-ELEVATORAPARTMENTS,2,1951,14,D7,281STNICHOLASAVENUE,10027.0,32.0,6.0,38.0,11100.0,50706.0,1921.0,2,D7,7900000.0,2012-12-19,15.88237331743725
HARLEM-CENTRAL,08RENTALS-ELEVATORAPARTMENTS,2,2007,2,D7,2363ADAMCPOWELLBLVD,10030.0,46.0,5.0,51.0,9983.0,38011.0,1920.0,2,D7,8200000.0,2012-11-29,15.919644712234481
HARLEM-CENTRAL,14RENTALS-4-10UNIT,2A,1721,35,S9,260LENOXAVENUE,10027.0,3.0,2.0,5.0,1756.0,5896.0,1910.0,2,S9,71277.0,2013-04-19,11.174328973716898
HARLEM-CENTRAL,14RENTALS-4-10UNIT,2A,1723,37,S9,2032FIFTHAVENUE,10035.0,4.0,2.0,6.0,1700.0,4774.0,1909.0,2,S9,1620000.0,2013-06-18,14.297936707208567
HARLEM-CENTRAL,14RENTALS-4-10UNIT,2A,1829,25,S4,223WEST113STREET,10026.0,4.0,1.0,5.0,1682.0,3131.0,1910.0,2,S4,1650000.0,2013-07-25,14.316285845876763
HARLEM-CENTRAL,14RENTALS-4-10UNIT,2A,1829,25,S4,223WEST113THSTREET,10026.0,4.0,1.0,5.0,1682.0,3131.0,1910.0,2,S4,675000.0,2012-10-19,13.422467969854667
HARLEM-CENTRAL,14RENTALS-4-10UNIT,2A,1908,114,S5,139WEST123RDSTREET,10027.0,5.0,1.0,6.0,2018.0,3120.0,1910.0,2,S5,1300000.0,2012-12-20,14.077874822431765
HARLEM-CENTRAL,14RENTALS-4-10UNIT,2,1911,16,C7,139WEST126STREET,10027.0,12.0,1.0,13.0,3664.0,6632.0,1910.0,2,S4,1900000.0,2012-09-20,14.457364444136669
HARLEM-CENTRAL,14RENTALS-4-10UNIT,2A,1917,32,S3,451LENOXAVENUE,10037.0,3.0,1.0,4.0,1233.0,2646.0,1910.0,2,S3,872000.0,2013-06-19,13.678544702891116
HARLEM-CENTRAL,14RENTALS-4-10UNIT,2A,1920,64,S9,2311ADAMCLAYTONPOWELL,10030.0,2.0,2.0,4.0,1275.0,3332.0,1920.0,2,S9,1267500.0,2013-06-14,14.052557014447475
HARLEM-CENTRAL,14RENTALS-4-10UNIT,2A,1920,102,S3,2305ADAMCPOWELLBLVD,10030.0,3.0,1.0,4.0,1350.0,3600.0,1920.0,2,S3,1100000.0,2012-12-31,13.9108207377686
HARLEM-CENTRAL,14RENTALS-4-10UNIT,2B,1921,29,S9,521LENOXAVENUE,10037.0,6.0,2.0,8.0,1869.0,8400.0,1910.0,2,S9,26000.0,2013-10-05,10.165851817003619
HARLEM-CENTRAL,14RENTALS-4-10UNIT,2A,1921,30,S4,523LENOXAVENUE,10037.0,4.0,1.0,5.0,1875.0,7215.0,1910.0,2,S4,356387.0,2013-04-19,12.78377249804372
HARLEM-CENTRAL,14RENTALS-4-10UNIT,2A,1950,130,S3,303WEST123RDST,10027.0,3.0,1.0,4.0,861.0,2760.0,1900.0,2,S3,1050000.0,2012-01-08,13.864300722133706
HARLEM-CENTRAL,14RENTALS-4-10UNIT,2B,2024,64,S9,272WEST139STREET,10030.0,6.0,4.0,10.0,4147.0,13828.0,1920.0,2,S9,2750000.0,2013-06-18,14.827111469642754
HARLEM-CENTRAL,14RENTALS-4-10UNIT,2A,2024,134,S4,"2374ADAMCLAYTONPOWELL,",10030.0,4.0,1.0,5.0,1243.0,4640.0,1910.0,2,S4,900000.0,2012-12-21,13.710150042306449
HARLEM-EAST,01ONEFAMILYHOMES,1,1660,20,S1,251EAST110STREET,10029.0,1.0,1.0,2.0,1682.0,3920.0,1900.0,1,S1,1740000.0,2012-09-08,14.369395671190711
HARLEM-EAST,02TWOFAMILYHOMES,1,1784,23,S2,23272NDAVENUE,10035.0,2.0,1.0,3.0,1600.0,2926.0,1901.0,1,S2,500000.0,2013-06-25,13.122363377404328
HARLEM-EAST,07RENTALS-WALKUPAPARTMENTS,2,1616,20,C7,1657MADISONAVENUE,10029.0,10.0,1.0,11.0,1912.0,7685.0,1910.0,2,C7,2060000.0,2012-10-09,14.538216540765763
HARLEM-EAST,07RENTALS-WALKUPAPARTMENTS,2,1629,14,C7,1590LEXINGTONAVENUE,10029.0,25.0,5.0,30.0,3838.0,18613.0,1910.0,2,C7,6800000.0,2013-05-15,15.732433170146335
HARLEM-EAST,07RENTALS-WALKUPAPARTMENTS,2B,1631,140,C7,186EAST104STREET,10029.0,9.0,1.0,10.0,2018.0,8105.0,1910.0,2,C7,1580156.0,2012-11-15,14.273034134306467
HARLEM-EAST,07RENTALS-WALKUPAPARTMENTS,2,1677,42,C7,314EAST106THSTREET,10029.0,28.0,2.0,30.0,3785.0,15330.0,1920.0,2,C7,3900000.0,2013-05-13,15.176487111099874
HARLEM-EAST,07RENTALS-WALKUPAPARTMENTS,2,1681,16,C7,331EAST109STREET,10029.0,13.0,1.0,14.0,2395.0,10100.0,1910.0,2,C7,1000000.0,2013-10-07,13.815510557964274
HARLEM-EAST,07RENTALS-WALKUPAPARTMENTS,2,1786,42,C4,212EAST122NDSTREET,10035.0,33.0,1.0,34.0,5046.0,26400.0,1920.0,2,C4,4382500.0,2012-09-24,15.293129895777527
HARLEM-EAST,07RENTALS-WALKUPAPARTMENTS,2B,1806,4,C4,2308FIRSTAVENUE,10035.0,6.0,2.0,8.0,2350.0,6000.0,1900.0,2,C4,2620000.0,2013-03-07,14.77868487573728
HARLEM-EAST,07RENTALS-WALKUPAPARTMENTS,2B,1806,48,C4,23121AVENUE,10035.0,6.0,2.0,8.0,2366.0,6041.0,1900.0,2,C4,1500000.0,2013-05-30,14.22097566607244
HARLEM-EAST,08RENTALS-ELEVATORAPARTMENTS,2,1633,41,D6,174EAST106STREET,10029.0,22.0,2.0,24.0,5000.0,21300.0,1910.0,2,D6,6000000.0,2012-05-12,15.60727002719233
HARLEM-EAST,14RENTALS-4-10UNIT,2B,1623,34,S9,1662PARKAVENUE,10035.0,6.0,2.0,8.0,1830.0,6060.0,1910.0,2,S9,700000.0,2012-04-10,13.458835614025542
HARLEM-EAST,14RENTALS-4-10UNIT,2A,1645,132,S3,185EAST117THSTREET,10035.0,3.0,1.0,4.0,1165.0,3868.0,1900.0,2,S3,759000.0,2012-11-16,13.539757056377766
HARLEM-EAST,14RENTALS-4-10UNIT,2A,1645,133,S3,187EAST117THSTREET,10035.0,3.0,1.0,4.0,959.0,3612.0,1900.0,2,S3,759000.0,2012-11-16,13.539757056377766
HARLEM-EAST,14RENTALS-4-10UNIT,2A,1665,145,S9,210EAST116STREET,10029.0,2.0,2.0,4.0,1398.0,2448.0,1890.0,2,S9,407300.0,2013-04-19,12.917305293636504
HARLEM-EAST,14RENTALS-4-10UNIT,2A,1666,8,S3,219EAST116STREET,10029.0,3.0,1.0,4.0,2018.0,3873.0,1910.0,2,S3,10.0,2012-12-27,2.302585092994046
HARLEM-EAST,14RENTALS-4-10UNIT,2A,1666,8,S3,219E116STREET,10029.0,3.0,1.0,4.0,2018.0,3873.0,1910.0,2,S3,10.0,2012-12-20,2.302585092994046
HARLEM-EAST,14RENTALS-4-10UNIT,2A,1666,8,S3,219EAST116STREET,10029.0,3.0,1.0,4.0,2018.0,3873.0,1910.0,2,S3,10.0,2012-04-12,2.302585092994046
HARLEM-EAST,14RENTALS-4-10UNIT,2B,1676,1,S5,20242AVENUE,10029.0,6.0,1.0,7.0,1944.0,6999.0,1920.0,2,S5,2769612.0,2013-04-25,14.834217796150329
HARLEM-EAST,14RENTALS-4-10UNIT,2B,1676,2,S5,20262AVENUE,10029.0,6.0,1.0,7.0,1875.0,6100.0,1920.0,2,S5,3190388.0,2013-04-25,14.97565309745873
HARLEM-EAST,14RENTALS-4-10UNIT,2B,1676,52,S5,20322AVENUE,10029.0,6.0,1.0,7.0,1875.0,5831.0,1910.0,2,S5,1025000.0,2012-08-13,13.840203170554645
HARLEM-EAST,14RENTALS-4-10UNIT,2B,1677,50,S9,20602AVENUE,10029.0,6.0,2.0,8.0,1742.0,5451.0,1900.0,2,S9,1475000.0,2013-04-17,14.204168547756057
HARLEM-EAST,14RENTALS-4-10UNIT,2B,1681,30,S9,348EAST110THSTREET,10029.0,6.0,2.0,8.0,1944.0,5832.0,1910.0,2,S9,1500000.0,2013-07-18,14.22097566607244
HARLEM-EAST,14RENTALS-4-10UNIT,2B,1688,25,S9,22651AVENUE,10035.0,6.0,2.0,8.0,2180.0,7865.0,1914.0,2,S9,1500000.0,2013-10-04,14.22097566607244
HARLEM-EAST,14RENTALS-4-10UNIT,2A,1711,46,S3,22941AVENUE,10035.0,3.0,1.0,4.0,1419.0,3168.0,1900.0,2,S3,450000.0,2013-03-20,13.017002861746503
HARLEM-EAST,14RENTALS-4-10UNIT,2A,1711,47,S3,22921AVENUE,10035.0,3.0,1.0,4.0,1412.0,3168.0,1900.0,2,S3,450000.0,2013-03-20,13.017002861746503
HARLEM-UPPER,01ONEFAMILYHOMES,1,2057,133,S1,467WEST140STREET,10031.0,1.0,1.0,2.0,1799.0,4492.0,1910.0,1,S1,565000.0,2012-12-14,13.244581010128577
HARLEM-UPPER,01ONEFAMILYHOMES,1,2058,19,S1,452WEST142NDSTREET,10031.0,1.0,1.0,2.0,1799.0,5668.0,1901.0,1,S1,1900000.0,2012-11-12,14.457364444136669
HARLEM-UPPER,07RENTALS-WALKUPAPARTMENTS,2B,2059,52,C5,452WEST145STREET,10031.0,6.0,1.0,7.0,1599.0,3328.0,1926.0,2,C5,1100000.0,2013-04-29,13.9108207377686
HARLEM-UPPER,07RENTALS-WALKUPAPARTMENTS,2,2060,35,C7,719STNICHOLASAVENUE,10031.0,13.0,1.0,14.0,1892.0,5268.0,1890.0,2,C7,2550000.0,2013-05-03,14.75160391713461
HARLEM-UPPER,07RENTALS-WALKUPAPARTMENTS,2B,2072,29,C7,1624AMSTERDAMAVENUE,10031.0,8.0,2.0,10.0,2492.0,11835.0,1920.0,2,C7,2550000.0,2012-08-11,14.75160391713461
HARLEM-UPPER,07RENTALS-WALKUPAPARTMENTS,2,2080,1,C7,3600BROADWAY,10031.0,19.0,3.0,22.0,4996.0,21150.0,1920.0,2,C7,4800000.0,2013-07-06,15.38412647587812
HARLEM-WEST,07RENTALS-WALKUPAPARTMENTS,2,1988,29,C7,1500AMSTERDAMAVENUE,10031.0,24.0,3.0,27.0,4000.0,19294.0,1905.0,2,C7,3335000.0,2012-11-20,15.01998323733186
HARLEM-WEST,08RENTALS-ELEVATORAPARTMENTS,2,1968,39,D7,25STNICHOLASTERRACE,10027.0,55.0,1.0,56.0,10991.0,50832.0,1920.0,2,D7,4450041.0,2012-08-30,15.308423867583125
INWOOD,07RENTALS-WALKUPAPARTMENTS,2,2203,1,C7,385510THAVENUE,10034.0,22.0,4.0,26.0,4675.0,18786.0,1915.0,2,C7,4826000.0,2012-06-12,15.389528525167114
INWOOD,07RENTALS-WALKUPAPARTMENTS,2,2218,17,C7,91POSTAVENUE,10034.0,30.0,2.0,32.0,5250.0,20330.0,1920.0,2,C7,3250442.0,2012-04-12,14.99430154505876
INWOOD,07RENTALS-WALKUPAPARTMENTS,2,2230,19,C7,399010THAVENUE,10034.0,22.0,3.0,25.0,4500.0,17780.0,1910.0,2,C7,3170000.0,2012-11-20,14.969242145853464
KIPSBAY,07RENTALS-WALKUPAPARTMENTS,2B,921,13,C4,321EAST14THSTREET,10003.0,8.0,1.0,9.0,2375.0,7630.0,1910.0,2,C4,5625000.0,2012-10-18,15.542731506054757
KIPSBAY,14RENTALS-4-10UNIT,2A,921,45,S3,336EAST15THSTREET,10003.0,3.0,1.0,4.0,2168.0,6992.0,1910.0,2,S3,5000000.0,2012-12-28,15.424948470398375
LITTLEITALY,01ONEFAMILYHOMES,1,494,38,S1,35SPRINGSTREET,10012.0,1.0,1.0,2.0,1082.0,4576.0,1901.0,1,S1,10.0,2013-07-15,2.302585092994046
LITTLEITALY,07RENTALS-WALKUPAPARTMENTS,2B,471,8,C7,8CENTREMARKETPLACE,10013.0,8.0,1.0,9.0,1707.0,7020.0,1900.0,2,C7,6950000.0,2013-06-08,15.754252217540975
LITTLEITALY,07RENTALS-WALKUPAPARTMENTS,2,471,33,C7,172MULBERRYSTREET,10013.0,26.0,2.0,28.0,2485.0,13552.0,1900.0,2,C7,6250000.0,2012-08-16,15.648092021712584
LITTLEITALY,07RENTALS-WALKUPAPARTMENTS,2,478,12,C7,164ELIZABETHSTREET,10012.0,15.0,2.0,17.0,2795.0,13707.0,1900.0,2,C7,9500000.0,2012-09-13,16.06680235657077
LITTLEITALY,07RENTALS-WALKUPAPARTMENTS,2,480,41,C7,380BROOMESTREET,10013.0,42.0,3.0,45.0,6529.0,28112.0,1900.0,2,C7,19700000.0,2012-05-12,16.796129193708218
LITTLEITALY,07RENTALS-WALKUPAPARTMENTS,2,492,5,C7,198ELIZABETHSTREET,10012.0,27.0,2.0,29.0,3636.0,14574.0,1900.0,2,C7,22625000.0,2012-12-20,16.934566047550263
LITTLEITALY,07RENTALS-WALKUPAPARTMENTS,2,494,4,C7,230MULBERRYSTREET,10012.0,18.0,2.0,20.0,2465.0,9371.0,1900.0,2,C7,1100000.0,2013-01-15,13.9108207377686
LITTLEITALY,07RENTALS-WALKUPAPARTMENTS,2,495,31,C7,239MULBERRY,10012.0,16.0,1.0,17.0,2636.0,15120.0,1910.0,2,C7,4600000.0,2012-12-09,15.341566861459324
LITTLEITALY,07RENTALS-WALKUPAPARTMENTS,2B,507,17,C7,260ELIZABETHSTREET,10012.0,8.0,2.0,10.0,2112.0,7804.0,1925.0,2,C7,33500000.0,2012-11-20,17.327055996795295
LITTLEITALY,14RENTALS-4-10UNIT,2A,494,8,S3,238MULBERRYSTREET,10012.0,3.0,1.0,4.0,2475.0,6375.0,1900.0,2,S3,325000.0,2012-12-20,12.691580461311874
LITTLEITALY,14RENTALS-4-10UNIT,2A,494,8,S3,238MULBERRYSTREET,10012.0,3.0,1.0,4.0,2475.0,6375.0,1900.0,2,S3,650000.0,2012-12-20,13.38472764187182
LITTLEITALY,23LOFTBUILDINGS,4,507,26,L8,276BOWERY,10012.0,3.0,1.0,4.0,3325.0,10779.0,1900.0,4,L8,17487180.0,2013-03-06,16.676978599003604
LITTLEITALY,23LOFTBUILDINGS,4,507,33,L8,262BOWERY,10012.0,4.0,2.0,6.0,3378.0,14291.0,1920.0,4,L8,5299145.0,2013-03-06,15.48305604475404
LOWEREASTSIDE,02TWOFAMILYHOMES,1,348,43,S2,88CLINTONSTREET,10002.0,2.0,1.0,3.0,2500.0,7000.0,1910.0,1,S2,3400000.0,2013-02-21,15.03928598958639
LOWEREASTSIDE,07RENTALS-WALKUPAPARTMENTS,2,273,20,C7,197MADISONSTREET,10002.0,20.0,4.0,24.0,2115.0,11321.0,1901.0,2,C7,3300000.0,2013-02-28,15.009433026436708
LOWEREASTSIDE,07RENTALS-WALKUPAPARTMENTS,2,286,21,C7,259EASTBROADWAY,10002.0,15.0,3.0,18.0,2185.0,12076.0,1900.0,2,C7,3500000.0,2013-06-17,15.068273526459642
LOWEREASTSIDE,07RENTALS-WALKUPAPARTMENTS,2,286,40,C7,223EASTBROADWAY,10002.0,26.0,7.0,33.0,4282.0,21309.0,1910.0,2,C7,11300000.0,2012-12-27,16.240313283682568
LOWEREASTSIDE,07RENTALS-WALKUPAPARTMENTS,2,344,69,C7,210RIVINGTONSTREET,10002.0,20.0,3.0,23.0,3045.0,14096.0,1920.0,2,C7,7625000.0,2013-06-13,15.84694288045775
LOWEREASTSIDE,07RENTALS-WALKUPAPARTMENTS,2,345,29,C7,200STANTONSTREET,10002.0,10.0,2.0,12.0,2000.0,10610.0,1920.0,2,C7,3920000.0,2012-10-25,15.181602211766645
LOWEREASTSIDE,07RENTALS-WALKUPAPARTMENTS,2,348,44,C7,86CLINTONSTREET,10002.0,18.0,3.0,21.0,2500.0,7000.0,1920.0,2,C7,4500000.0,2013-02-21,15.319587954740548
LOWEREASTSIDE,07RENTALS-WALKUPAPARTMENTS,2,355,67,C1,157SUFFOLKSTREET,10002.0,35.0,2.0,35.0,5000.0,22398.0,1900.0,2,C1,18000000.0,2012-12-18,16.70588231586044
LOWEREASTSIDE,07RENTALS-WALKUPAPARTMENTS,2,409,43,C7,101DELANCEYSTREET,10002.0,20.0,5.0,25.0,2884.0,16312.0,1920.0,2,C7,7000000.0,2012-02-08,15.761420707019587
LOWEREASTSIDE,07RENTALS-WALKUPAPARTMENTS,2,411,64,C7,139ESSEXSTREET,10002.0,16.0,2.0,18.0,2250.0,9150.0,1900.0,2,C7,4750000.0,2012-04-10,15.373655176010823
LOWEREASTSIDE,07RENTALS-WALKUPAPARTMENTS,2,412,27,C7,177LUDLOWSTREET,10002.0,15.0,1.0,16.0,2196.0,9540.0,1900.0,2,C7,5895000.0,2012-08-28,15.589615091953608
LOWEREASTSIDE,07RENTALS-WALKUPAPARTMENTS,2,412,28,C7,175LUDLOWSTREET,10002.0,16.0,1.0,17.0,2187.0,8000.0,1910.0,2,C7,5325000.0,2012-12-13,15.487923269559763
LOWEREASTSIDE,07RENTALS-WALKUPAPARTMENTS,2,413,45,C7,81ORCHARDSTREET,10002.0,30.0,3.0,33.0,4435.0,18647.0,1910.0,2,C7,26000000.0,2012-12-13,17.073607095985757
LOWEREASTSIDE,07RENTALS-WALKUPAPARTMENTS,2,414,5,C7,55DELANCEYSTREET,10002.0,30.0,3.0,33.0,4368.0,21865.0,1900.0,2,C7,18300000.0,2012-05-12,16.722411617811648
LOWEREASTSIDE,07RENTALS-WALKUPAPARTMENTS,2B,420,44,C4,148FORSYTHSTREET,10002.0,8.0,2.0,10.0,2527.0,6720.0,1910.0,2,C4,2000000.0,2013-05-31,14.508657738524219
LOWEREASTSIDE,08RENTALS-ELEVATORAPARTMENTS,2,411,58,D5,149-151ESSEXSTREET,10002.0,22.0,3.0,25.0,6725.0,30870.0,1910.0,2,D5,19100000.0,2013-12-04,16.76519889301686
MANHATTANVALLEY,02TWOFAMILYHOMES,1,1841,49,B9,134MANHATTANAVENUE,10025.0,2.0,2.0,2.0,1418.0,3302.0,1920.0,1,B9,3675000.0,2013-05-04,15.117063690629074
MANHATTANVALLEY,07RENTALS-WALKUPAPARTMENTS,2B,1843,4,C7,967COLUMBUSAVENUE,10025.0,9.0,1.0,10.0,2525.0,9426.0,1900.0,2,C7,5714704.0,2013-06-03,15.558553060343908
MANHATTANVALLEY,07RENTALS-WALKUPAPARTMENTS,2B,1843,63,C7,971COLUMBUSAVENUE,10025.0,9.0,1.0,10.0,2500.0,9321.0,1900.0,2,C7,4335296.0,2013-06-03,15.282300447295928
MANHATTANVALLEY,08RENTALS-ELEVATORAPARTMENTS,2,1836,47,D7,10MANHATTANAVENUE,10025.0,44.0,2.0,46.0,9587.0,44160.0,1940.0,2,D7,6381192.0,2012-08-30,15.668865471725502
MANHATTANVALLEY,08RENTALS-ELEVATORAPARTMENTS,2,1847,39,D9,302MANHATTANAVENUE,10026.0,32.0,3.0,35.0,7064.0,28695.0,1900.0,2,D9,2169344.0,2012-12-12,14.589935375666068
MIDTOWNCBD,07RENTALS-WALKUPAPARTMENTS,2B,1299,37,C7,7103AVENUE,10017.0,7.0,1.0,8.0,2375.0,8025.0,1920.0,2,C7,6192000.0,2012-10-26,15.6387686942517
MIDTOWNCBD,14RENTALS-4-10UNIT,2B,1302,27,S9,137EAST47THSTREET,10017.0,4.0,3.0,7.0,1674.0,3526.0,1920.0,2,S9,8000000.0,2013-02-05,15.89495209964411
MIDTOWNCBD,21OFFICEBUILDINGS,4,1290,62,K9,14EAST55THSTREET,10022.0,3.0,3.0,6.0,2309.0,11138.0,1915.0,4,O9,12700000.0,2013-01-08,16.35711255142882
MIDTOWNEAST,01ONEFAMILYHOMES,1,1322,112,S1,225EAST48THSTREET,10017.0,1.0,1.0,2.0,1381.0,3790.0,1899.0,1,S1,3350000.0,2013-05-13,15.02447090380125
MIDTOWNEAST,07RENTALS-WALKUPAPARTMENTS,2,1326,29,C7,246EAST53RDSTREET,10022.0,20.0,2.0,22.0,3347.0,12915.0,1900.0,2,C7,7700000.0,2012-10-18,15.856730886823913
MIDTOWNEAST,07RENTALS-WALKUPAPARTMENTS,2,1339,104,C7,303EAST46THSTREET,10017.0,10.0,1.0,11.0,2500.0,7800.0,1900.0,2,C7,4100000.0,2012-12-26,15.226497531674536
MIDTOWNEAST,07RENTALS-WALKUPAPARTMENTS,2,1342,3,C7,9282AVENUE,10022.0,16.0,1.0,17.0,2500.0,10375.0,1901.0,2,C7,5900000.0,2013-04-17,15.590462908875947
MIDTOWNEAST,07RENTALS-WALKUPAPARTMENTS,2,1342,4,C7,9302AVENUE,10022.0,16.0,1.0,17.0,2500.0,10375.0,1900.0,2,C7,5850000.0,2012-08-22,15.58195221920804
MIDTOWNEAST,14RENTALS-4-10UNIT,2B,1331,34,S5,230EAST58THSTREET,10022.0,6.0,1.0,7.0,2008.0,7360.0,1901.0,2,S5,5000000.0,2012-09-27,15.424948470398375
MIDTOWNEAST,22STOREBUILDINGS,4,1332,17,K9,235EAST58THSTREET,10022.0,1.0,2.0,3.0,1674.0,4005.0,1900.0,4,K9,4150000.0,2013-04-24,15.238618892206881
MIDTOWNEAST,22STOREBUILDINGS,4,1332,47,K4,9853AVENUE,10022.0,2.0,2.0,4.0,2109.0,5400.0,1900.0,4,K4,12301200.0,2012-12-14,16.325207376559494
MIDTOWNEAST,22STOREBUILDINGS,4,1332,47,K4,985THIRDAVENUE,10022.0,2.0,2.0,4.0,2109.0,5400.0,1900.0,4,K4,1198800.0,2012-12-14,13.996831614424645
MIDTOWNEAST,22STOREBUILDINGS,4,1332,47,K4,985THIRDAVENUE,10022.0,2.0,2.0,4.0,2109.0,5400.0,1900.0,4,K4,4500000.0,2012-12-14,15.319587954740548
MIDTOWNWEST,07RENTALS-WALKUPAPARTMENTS,2,1030,25,C7,211WEST58THSTREET,10019.0,16.0,1.0,17.0,2510.0,9270.0,1920.0,2,C7,6500000.0,2013-05-06,15.687312734865866
MIDTOWNWEST,07RENTALS-WALKUPAPARTMENTS,2B,1046,61,C7,8629AVENUE,10019.0,8.0,1.0,9.0,1680.0,8016.0,1930.0,2,C7,5182157.0,2012-10-10,15.460731936827797
MIDTOWNWEST,08RENTALS-ELEVATORAPARTMENTS,2,1037,30,D9,7338AVENUE,10036.0,18.0,5.0,23.0,6617.0,29245.0,1910.0,2,D9,10.0,2012-11-09,2.302585092994046
MIDTOWNWEST,14RENTALS-4-10UNIT,2B,998,50,S5,134WEST46THSTREET,10036.0,6.0,1.0,7.0,1506.0,7150.0,1920.0,2,S5,3850000.0,2013-03-28,15.163583706263967
MIDTOWNWEST,14RENTALS-4-10UNIT,2A,1037,102,S3,371WEST46THSTREET,10036.0,3.0,1.0,4.0,1350.0,4194.0,1920.0,2,S3,3500000.0,2013-05-22,15.068273526459642
MURRAYHILL,02TWOFAMILYHOMES,1,884,66,S2,132LEXINGTONAVENUE,10016.0,2.0,1.0,3.0,1316.0,4896.0,1910.0,1,S2,3450000.0,2012-12-28,15.053884789007542
MURRAYHILL,02TWOFAMILYHOMES,1,885,59,S2,138EAST30THSTREET,10016.0,2.0,1.0,3.0,1234.0,3250.0,1899.0,1,S2,2800000.0,2012-12-18,14.845129975145433
MURRAYHILL,02TWOFAMILYHOMES,1,892,71,S2,124EAST37THSTREET,10016.0,2.0,1.0,3.0,935.0,6250.0,1910.0,1,S2,2925000.0,2012-01-10,14.888805038648094
MURRAYHILL,07RENTALS-WALKUPAPARTMENTS,2B,859,84,C5,2EAST30THSTREET,10016.0,8.0,1.0,9.0,1728.0,5719.0,1925.0,2,C5,5000000.0,2012-12-14,15.424948470398375
MURRAYHILL,07RENTALS-WALKUPAPARTMENTS,2,867,16,C7,238MADISONAVENUE,10016.0,14.0,2.0,16.0,3875.0,11243.0,1930.0,2,C7,12000000.0,2013-05-13,16.300417207752275
MURRAYHILL,07RENTALS-WALKUPAPARTMENTS,2B,884,63,C7,129LEXINGTONAVENUE,10016.0,8.0,1.0,9.0,1747.0,6549.0,1910.0,2,C7,10.0,2012-12-20,2.302585092994046
MURRAYHILL,07RENTALS-WALKUPAPARTMENTS,2A,888,50,C5,152EAST33RDSTREET,10016.0,4.0,1.0,5.0,469.0,1875.0,1910.0,2,C5,1675000.0,2012-12-13,14.331323723241304
MURRAYHILL,07RENTALS-WALKUPAPARTMENTS,2B,890,72,C5,130EAST35,10016.0,7.0,2.0,9.0,2320.0,7755.0,1915.0,2,C5,5750000.0,2012-12-21,15.564710412773533
MURRAYHILL,07RENTALS-WALKUPAPARTMENTS,2B,894,18,C7,316LEXINGTONAVENUE,10016.0,9.0,1.0,10.0,1425.0,5844.0,1910.0,2,C7,4325000.0,2013-08-08,15.279922698348116
MURRAYHILL,08RENTALS-ELEVATORAPARTMENTS,2,894,63,D9,331LEXINGTONAVENUE,10016.0,14.0,2.0,16.0,1920.0,12040.0,1920.0,2,D9,3500000.0,2012-08-14,15.068273526459642
MURRAYHILL,14RENTALS-4-10UNIT,2B,859,88,S9,2755AVENUE,10016.0,6.0,2.0,8.0,2300.0,9280.0,1925.0,2,S9,8500000.0,2012-12-27,15.955576721460545
MURRAYHILL,14RENTALS-4-10UNIT,2A,886,46,S5,4383AVENUE,10016.0,5.0,1.0,6.0,1180.0,2988.0,1910.0,2,S5,133000.0,2012-01-10,11.79810440720389
MURRAYHILL,14RENTALS-4-10UNIT,2A,888,47,S4,156-158EAST33RDSTREET,10016.0,4.0,1.0,5.0,938.0,3750.0,1910.0,2,S4,2420000.0,2013-06-13,14.699278098132869
MURRAYHILL,14RENTALS-4-10UNIT,2A,893,7,S5,105EAST37THSTREET,10016.0,5.0,1.0,6.0,2074.0,8295.0,1930.0,2,S5,5151250.0,2012-07-11,15.454749961635164
MURRAYHILL,14RENTALS-4-10UNIT,2A,893,10,S5,111EAST37THSTREET,10016.0,5.0,1.0,6.0,2074.0,4640.0,1915.0,2,S5,2008000.0,2013-08-01,14.512649759793756
MURRAYHILL,14RENTALS-4-10UNIT,2A,909,134,S3,240EAST29THSTREET,10016.0,3.0,1.0,4.0,549.0,2112.0,1910.0,2,S3,1832500.0,2013-01-05,14.421191712742944
MURRAYHILL,14RENTALS-4-10UNIT,2A,919,58,S3,202EAST39THSTREET,10016.0,3.0,1.0,4.0,1593.0,4150.0,1910.0,2,S3,6500000.0,2012-09-21,15.687312734865866
MURRAYHILL,21OFFICEBUILDINGS,4,859,69,O8,110MADISONAVENUE,10016.0,6.0,2.0,8.0,2344.0,8687.0,1925.0,4,O8,7105500.0,2012-10-29,15.776379690014053
MURRAYHILL,21OFFICEBUILDINGS,4,869,25,O8,23EAST39THSTREET,10016.0,7.0,2.0,9.0,2469.0,8755.0,1925.0,4,O8,12300000.0,2012-12-20,16.325109820342647
MURRAYHILL,22STOREBUILDINGS,4,860,34,K9,47EAST30THSTREET,10016.0,2.0,2.0,4.0,2067.0,4200.0,1915.0,4,K9,4012500.0,2013-01-31,15.204925046420408
MURRAYHILL,22STOREBUILDINGS,4,889,67,K4,229LEXINGTONAVENUE,10016.0,4.0,2.0,6.0,1456.0,3544.0,1910.0,4,K4,3502850.0,2013-05-14,15.06908748082318
MURRAYHILL,22STOREBUILDINGS,4,895,25,K9,341LEXINGTONAVENUE,10016.0,5.0,1.0,6.0,1300.0,3820.0,1920.0,4,K9,5000000.0,2012-12-20,15.424948470398375
SOHO,02TWOFAMILYHOMES,1,499,6,S2,102GREENESTREET,10012.0,2.0,1.0,3.0,2500.0,7000.0,1910.0,1,S2,11902000.0,2012-08-14,16.292217011186935
SOHO,02TWOFAMILYHOMES,1,503,44,S2,193SPRINGSTREET,10012.0,2.0,1.0,3.0,1478.0,3678.0,1901.0,1,S2,7200000.0,2013-07-31,15.789591583986283
SOHO,02TWOFAMILYHOMES,1,518,9,S2,54MACDOUGALSTREET,10012.0,2.0,1.0,3.0,2500.0,4802.0,1899.0,1,S2,4300000.0,2012-01-10,15.27412558066379
SOHO,07RENTALS-WALKUPAPARTMENTS,2,476,57,C7,32THOMPSONSTREET,10013.0,16.0,2.0,18.0,2700.0,8992.0,1920.0,2,C7,6250000.0,2012-08-29,15.648092021712584
SOHO,07RENTALS-WALKUPAPARTMENTS,2,518,30,C7,156SULLIVANSTREET,10012.0,22.0,3.0,25.0,3440.0,15883.0,1910.0,2,C7,12500000.0,2012-08-30,16.34123920227253
SOHO,08RENTALS-ELEVATORAPARTMENTS,2,502,20,D9,156PRINCESTREET,10012.0,20.0,2.0,22.0,4320.0,15000.0,1900.0,2,D9,19150000.0,2012-10-18,16.767813273590928
SOHO,10COOPS-ELEVATORAPARTMENTS,2,229,20,D4,22WOOSTERSTREET,10013.0,13.0,5.0,18.0,9302.0,42240.0,1920.0,2,D4,3900000.0,2013-01-29,15.176487111099874
SOHO,14RENTALS-4-10UNIT,2A,228,24,S3,57GRANDSTREET,10013.0,3.0,1.0,4.0,1474.0,4422.0,1930.0,2,S3,4700000.0,2013-02-13,15.363073066680286
SOHO,14RENTALS-4-10UNIT,2A,230,28,S4,95GRANDSTREET,10013.0,4.0,1.0,5.0,1620.0,7310.0,1910.0,2,S4,7750000.0,2013-04-26,15.86320340132953
SOHO,14RENTALS-4-10UNIT,2A,474,18,S5,45MERCERSTREET,10013.0,5.0,1.0,6.0,2500.0,11500.0,1920.0,2,S5,7400000.0,2013-02-07,15.816990558174398
SOHO,14RENTALS-4-10UNIT,2A,496,34,S9,63SPRINGSTREET,10012.0,4.0,2.0,6.0,1831.0,5140.0,1910.0,2,S9,6400000.0,2013-05-23,15.671808548329901
SOHO,14RENTALS-4-10UNIT,2A,595,30,S4,465WASHINGTONSTREET,10013.0,4.0,1.0,5.0,2752.0,13690.0,1900.0,2,S4,6114795.0,2012-10-25,15.62622180242045
SOHO,21OFFICEBUILDINGS,4,485,8,O9,72-76GREENESTREET,10012.0,3.0,7.0,10.0,7500.0,45000.0,1900.0,4,O9,41000000.0,2012-11-12,17.529082624668582
SOHO,21OFFICEBUILDINGS,4,486,23,O9,71GREENESTREET,10012.0,2.0,3.0,5.0,3750.0,16477.0,1900.0,4,O9,32600000.0,2012-11-15,17.299822846336937
SOHO,21OFFICEBUILDINGS,4,501,1,O9,413-415WESTBROADWAY,10012.0,2.0,8.0,10.0,5100.0,28964.0,1900.0,4,O9,41000000.0,2013-07-17,17.529082624668582
SOHO,22STOREBUILDINGS,4,487,25,K4,152SPRINGSTREET,10012.0,1.0,1.0,2.0,1600.0,5260.0,1900.0,4,K4,12650000.0,2012-12-27,16.353167773137802
SOHO,22STOREBUILDINGS,4,500,16,K9,120-124PRINCESTREET,10012.0,1.0,1.0,2.0,1729.0,3460.0,1900.0,4,K9,19600000.0,2012-12-21,16.791040124200745
SOHO,23LOFTBUILDINGS,4,474,14,L8,53MERCERSTREET,10013.0,2.0,2.0,4.0,2500.0,6851.0,1900.0,4,L8,7400000.0,2013-01-24,15.816990558174398
SOHO,23LOFTBUILDINGS,4,485,5,L8,66GREENESTREET,10012.0,4.0,1.0,5.0,2258.0,9738.0,1900.0,4,L8,550000.0,2013-03-20,13.217673557208654
SOHO,23LOFTBUILDINGS,4,485,5,L8,66GREENESTREET,10012.0,4.0,1.0,5.0,2258.0,9738.0,1900.0,4,L8,550000.0,2012-12-24,13.217673557208654
SOHO,23LOFTBUILDINGS,4,515,12,L8,473WESTBROADWAY,10012.0,3.0,2.0,5.0,2500.0,11246.0,1900.0,4,L8,9000000.0,2012-12-20,16.012735135300492
SOUTHBRIDGE,22STOREBUILDINGS,4,92,28,K9,122NASSAUSTREET,10038.0,2.0,2.0,4.0,1390.0,4668.0,1900.0,4,K9,2750000.0,2012-12-20,14.827111469642754
TRIBECA,01ONEFAMILYHOMES,1,141,18,A4,321AGREENWICHSTREET,10013.0,1.0,1.0,1.0,2104.0,10030.0,1915.0,1,A4,17500000.0,2013-08-05,16.67771143889374
TRIBECA,01ONEFAMILYHOMES,1,180,8,S1,81HUDSONSTREET,10013.0,1.0,1.0,2.0,996.0,3894.0,1920.0,1,S1,5750000.0,2013-05-02,15.564710412773533
TRIBECA,14RENTALS-4-10UNIT,2A,141,27,S3,174DUANESTREET,10013.0,3.0,1.0,4.0,2889.0,10728.0,1910.0,2,S3,11500000.0,2013-05-29,16.25785759333348
TRIBECA,14RENTALS-4-10UNIT,2A,179,47,S5,23LEONARDSTREET,10013.0,5.0,1.0,6.0,2298.0,14350.0,1920.0,2,S5,6800000.0,2013-02-07,15.732433170146335
TRIBECA,14RENTALS-4-10UNIT,2A,193,20,S4,293CHURCHSTREET,10013.0,4.0,1.0,5.0,1613.0,7100.0,1910.0,2,S4,3300000.0,2012-10-18,15.009433026436708
TRIBECA,23LOFTBUILDINGS,4,132,23,L8,81WARRENSTREET,10007.0,3.0,1.0,4.0,1869.0,5650.0,1920.0,4,L8,3985000.0,2012-12-18,15.198047870206452
TRIBECA,23LOFTBUILDINGS,4,132,25,L8,77WARRENSTREET,10007.0,1.0,4.0,5.0,1875.0,8675.0,1905.0,4,L8,7600000.0,2012-12-18,15.84365880525656
UPPEREASTSIDE(59-79),01ONEFAMILYHOMES,1,1390,14,S1,19EAST75STREET,10021.0,1.0,1.0,2.0,842.0,4742.0,1901.0,1,S1,4052750.0,2013-04-26,15.214906221003819
UPPEREASTSIDE(59-79),01ONEFAMILYHOMES,1,1390,163,S1,12EAST76THSTREET,10021.0,1.0,1.0,2.0,1924.0,7056.0,1950.0,1,S1,27000000.0,2013-03-28,17.111347423968603
UPPEREASTSIDE(59-79),01ONEFAMILYHOMES,1,1407,45,S1,170EAST73RDSTREET,10021.0,1.0,1.0,2.0,2554.0,5800.0,1899.0,1,S1,10250000.0,2012-09-10,16.14278826354869
UPPEREASTSIDE(59-79),01ONEFAMILYHOMES,1,1408,5,S1,105EAST73RDSTREET,10021.0,1.0,1.0,2.0,2142.0,8555.0,1910.0,1,S1,14000000.0,2012-12-21,16.454567887579532
UPPEREASTSIDE(59-79),02TWOFAMILYHOMES,1,1399,58,S2,860LEXINGTONAVENUE,10065.0,2.0,1.0,3.0,1280.0,6260.0,1910.0,1,S2,7300000.0,2013-05-21,15.80338490611862
UPPEREASTSIDE(59-79),02TWOFAMILYHOMES,1,1406,12,S2,127EAST71STSTREET,10021.0,2.0,1.0,3.0,2043.0,5600.0,1920.0,1,S2,8500000.0,2012-06-11,15.955576721460545
UPPEREASTSIDE(59-79),07RENTALS-WALKUPAPARTMENTS,2B,1377,14,C7,21EAST62NDSTREET,10065.0,7.0,2.0,9.0,1807.0,5800.0,1920.0,2,C7,14000000.0,2013-07-26,16.454567887579532
UPPEREASTSIDE(59-79),07RENTALS-WALKUPAPARTMENTS,2A,1380,46,C5,52EAST66STREET,10065.0,4.0,2.0,6.0,2008.0,5698.0,1910.0,2,C5,8600000.0,2012-12-26,15.967272761223736
UPPEREASTSIDE(59-79),07RENTALS-WALKUPAPARTMENTS,2B,1381,51,C7,785MADISONAVENUE,10065.0,8.0,1.0,9.0,1500.0,7440.0,1910.0,2,C7,17800000.0,2012-09-08,16.694709015262312
UPPEREASTSIDE(59-79),07RENTALS-WALKUPAPARTMENTS,2,1400,57,C5,880-882LEXINGTONAVENUE,10065.0,18.0,3.0,21.0,2800.0,8120.0,1900.0,2,C5,9200000.0,2012-10-17,16.034714042019267
UPPEREASTSIDE(59-79),07RENTALS-WALKUPAPARTMENTS,2B,1407,153,C7,1007LEXINGTONAVENUE,10021.0,7.0,1.0,8.0,1190.0,4165.0,1910.0,2,C7,4550000.0,2012-08-15,15.330637790927133
UPPEREASTSIDE(59-79),07RENTALS-WALKUPAPARTMENTS,2,1433,16,C7,243EAST78THSTREET,10075.0,56.0,6.0,62.0,8480.0,34374.0,1930.0,2,C7,15100000.0,2012-12-26,16.530205301785152
UPPEREASTSIDE(59-79),07RENTALS-WALKUPAPARTMENTS,2B,1444,30,C7,12991STAVENUE,10021.0,7.0,1.0,8.0,1957.0,7060.0,1910.0,2,C7,4700000.0,2012-06-12,15.363073066680286
UPPEREASTSIDE(59-79),07RENTALS-WALKUPAPARTMENTS,2,1448,28,C7,1371FIRSTAVENUE,10021.0,13.0,2.0,15.0,2550.0,9945.0,1910.0,2,C7,4100000.0,2012-12-26,15.226497531674536
UPPEREASTSIDE(59-79),07RENTALS-WALKUPAPARTMENTS,2,1458,41,C7,410EAST64THSTREET,10065.0,17.0,2.0,19.0,2510.0,8350.0,1910.0,2,C7,4300000.0,2012-11-15,15.27412558066379
UPPEREASTSIDE(59-79),07RENTALS-WALKUPAPARTMENTS,2B,1458,48,C7,11601AVENUE,10065.0,8.0,1.0,9.0,2025.0,7950.0,1910.0,2,C7,13125000.0,2013-07-17,16.39002936644196
UPPEREASTSIDE(59-79),07RENTALS-WALKUPAPARTMENTS,2,1467,39,C7,414EAST73RDSTREET,10021.0,22.0,1.0,23.0,2554.0,14200.0,1910.0,2,C7,7000000.0,2012-02-11,15.761420707019587
UPPEREASTSIDE(59-79),07RENTALS-WALKUPAPARTMENTS,2,1468,45,C7,13841AVENUE,10021.0,25.0,4.0,29.0,2825.0,15761.0,1910.0,2,C7,7100000.0,2012-12-20,15.775605342011543
UPPEREASTSIDE(59-79),07RENTALS-WALKUPAPARTMENTS,2,1472,46,C7,402EAST78THSTREET,10075.0,39.0,2.0,41.0,5602.0,26090.0,1910.0,2,C7,5300000.0,2012-12-26,15.483217378522351
UPPEREASTSIDE(59-79),08RENTALS-ELEVATORAPARTMENTS,2,1375,129,D9,43EAST60THSTREET,10022.0,17.0,4.0,21.0,4016.0,17296.0,1910.0,2,D9,28679710.0,2013-02-27,17.17170046206856
UPPEREASTSIDE(59-79),08RENTALS-ELEVATORAPARTMENTS,2,1377,71,D9,8155AVENUE,10065.0,12.0,2.0,14.0,2550.0,10064.0,1910.0,2,D9,32000000.0,2012-08-21,17.281246460764002
UPPEREASTSIDE(59-79),08RENTALS-ELEVATORAPARTMENTS,2,1417,45,D7,10653AVENUE,10065.0,37.0,2.0,39.0,5294.0,26940.0,1930.0,2,D7,8329403.0,2012-11-12,15.935302342907237
UPPEREASTSIDE(59-79),08RENTALS-ELEVATORAPARTMENTS,2,1453,35,D9,334EAST79THSTREET,10075.0,46.0,1.0,47.0,5200.0,27124.0,1920.0,2,D9,20500000.0,2013-01-07,16.835935444108635
UPPEREASTSIDE(59-79),14RENTALS-4-10UNIT,2A,1392,58,S9,1006MADISONAVENUE,10075.0,3.0,2.0,5.0,1110.0,4092.0,1910.0,2,S9,12687500.0,2013-06-18,16.356127814766282
UPPEREASTSIDE(59-79),14RENTALS-4-10UNIT,2B,1395,43,S5,164EAST61ST,10065.0,6.0,1.0,7.0,2008.0,5800.0,1920.0,2,S5,5900000.0,2012-11-15,15.590462908875947
UPPEREASTSIDE(59-79),14RENTALS-4-10UNIT,2B,1397,19,S9,809LEXINGTONAVENUE,10065.0,5.0,2.0,7.0,1190.0,4777.0,1900.0,2,S9,4750000.0,2012-12-21,15.373655176010823
UPPEREASTSIDE(59-79),14RENTALS-4-10UNIT,2A,1400,114,S9,133EAST65THSTREET,10065.0,4.0,2.0,6.0,2008.0,4872.0,1920.0,2,S9,7200000.0,2012-12-21,15.789591583986283
UPPEREASTSIDE(59-79),14RENTALS-4-10UNIT,2A,1411,132,S3,195EAST76THSTREET,10021.0,3.0,1.0,4.0,524.0,2097.0,1910.0,2,S3,2110000.0,2012-10-10,14.56219850545225
UPPEREASTSIDE(59-79),14RENTALS-4-10UNIT,2B,1414,9,S5,217EAST59THSTREET,10022.0,6.0,1.0,7.0,2511.0,7400.0,1910.0,2,S5,5150000.0,2012-11-10,15.454507272639919
UPPEREASTSIDE(59-79),14RENTALS-4-10UNIT,2B,1449,1,S5,14202NDAVENUE,10021.0,6.0,1.0,7.0,1760.0,7005.0,1910.0,2,S5,5750000.0,2013-07-03,15.564710412773533
UPPEREASTSIDE(59-79),14RENTALS-4-10UNIT,2B,1467,48,S5,13521AVENUE,10021.0,6.0,1.0,7.0,2882.0,8000.0,1920.0,2,S5,5250000.0,2012-11-13,15.473738634567807
UPPEREASTSIDE(59-79),21OFFICEBUILDINGS,4,1375,28,O1,41EAST60THSTREET,10022.0,17.0,10.0,27.0,6024.0,29616.0,1920.0,4,O1,8652890.0,2013-02-27,15.973403927153976
UPPEREASTSIDE(59-79),21OFFICEBUILDINGS,4,1378,140,O9,54EAST64THSTREET,10065.0,1.0,1.0,2.0,2525.0,12551.0,1920.0,4,O9,18000000.0,2013-04-26,16.70588231586044
UPPEREASTSIDE(59-79),22STOREBUILDINGS,4,1395,6,K4,113EAST60THSTREET,10022.0,1.0,2.0,3.0,2008.0,5320.0,1910.0,4,K4,10000000.0,2013-06-05,16.11809565095832
UPPEREASTSIDE(59-79),22STOREBUILDINGS,4,1415,14,K4,229EAST60THSTREET,10022.0,2.0,2.0,4.0,2008.0,5540.0,1920.0,4,K4,6933750.0,2013-06-14,15.751911350351582
UPPEREASTSIDE(59-79),22STOREBUILDINGS,2A,1417,32,D9,230EAST63RDSTREET,10065.0,6.0,1.0,6.0,2510.0,12200.0,1920.0,4,K9,4250000.0,2012-02-08,15.2624295409006
UPPEREASTSIDE(59-79),22STOREBUILDINGS,4,1422,18,K4,227EAST67THSTREET,10065.0,2.0,1.0,3.0,2773.0,8650.0,1910.0,4,K4,6000000.0,2012-09-24,15.60727002719233
UPPEREASTSIDE(79-96),02TWOFAMILYHOMES,1,1545,13,S2,329EAST82NDSTREET,10028.0,2.0,1.0,3.0,1830.0,4160.0,1920.0,1,S2,5000000.0,2013-05-15,15.424948470398375
UPPEREASTSIDE(79-96),07RENTALS-WALKUPAPARTMENTS,2,1526,27,C7,15572AVENUE,10028.0,15.0,1.0,16.0,1507.0,4444.0,1920.0,2,C7,3000000.0,2012-08-08,14.914122846632385
UPPEREASTSIDE(79-96),07RENTALS-WALKUPAPARTMENTS,2,1526,39,C7,218EAST81STSTREET,10028.0,17.0,2.0,19.0,2596.0,9970.0,1930.0,2,C7,4500000.0,2012-12-26,15.319587954740548
UPPEREASTSIDE(79-96),07RENTALS-WALKUPAPARTMENTS,2,1543,4,C7,15442AVENUE,10028.0,16.0,1.0,17.0,2550.0,10555.0,1910.0,2,C7,8000000.0,2012-08-16,15.89495209964411
UPPEREASTSIDE(79-96),07RENTALS-WALKUPAPARTMENTS,2,1543,52,C7,15462AVENUE,10028.0,14.0,1.0,15.0,2550.0,10555.0,1930.0,2,C7,9100000.0,2013-02-22,16.02378497148708
UPPEREASTSIDE(79-96),07RENTALS-WALKUPAPARTMENTS,2,1544,52,C7,1570SECONDAVENUE,10028.0,14.0,2.0,16.0,2600.0,6840.0,1920.0,2,C7,4000000.0,2013-01-02,15.201804919084164
UPPEREASTSIDE(79-96),07RENTALS-WALKUPAPARTMENTS,2,1545,45,C1,310EAST83,10028.0,19.0,1.0,20.0,2554.0,8395.0,1920.0,2,C1,5085000.0,2012-11-15,15.441805587464797
UPPEREASTSIDE(79-96),07RENTALS-WALKUPAPARTMENTS,2,1545,52,C7,1592SECONDAVENUE,10028.0,16.0,2.0,18.0,2767.0,10885.0,1920.0,2,C7,4900000.0,2012-12-26,15.404745763080856
UPPEREASTSIDE(79-96),07RENTALS-WALKUPAPARTMENTS,2,1547,9,C7,315-319EAST84THSTREET,10028.0,35.0,2.0,37.0,5108.0,21348.0,1920.0,2,C7,4100000.0,2012-12-26,15.226497531674536
UPPEREASTSIDE(79-96),07RENTALS-WALKUPAPARTMENTS,2,1559,146,C7,402EAST80THSTREET,10075.0,20.0,1.0,21.0,2555.0,9000.0,1920.0,2,C7,4100000.0,2012-07-08,15.226497531674536
UPPEREASTSIDE(79-96),07RENTALS-WALKUPAPARTMENTS,2,1560,29,C7,45OEAST81STSTREET,10028.0,34.0,3.0,37.0,4418.0,18190.0,1910.0,2,C7,4200000.0,2012-12-26,15.250595083253597
UPPEREASTSIDE(79-96),07RENTALS-WALKUPAPARTMENTS,2,1560,30,C7,444EAST81STSTREET,10028.0,34.0,3.0,37.0,4418.0,18190.0,1910.0,2,C7,8000000.0,2012-12-26,15.89495209964411
UPPEREASTSIDE(79-96),07RENTALS-WALKUPAPARTMENTS,2,1562,45,C7,15921AVENUE,10028.0,12.0,2.0,14.0,2173.0,10350.0,1930.0,2,C7,11200000.0,2012-12-26,16.231424336265324
UPPEREASTSIDE(79-96),08RENTALS-ELEVATORAPARTMENTS,2B,1497,49,D7,58EAST86THSTREET,10028.0,9.0,1.0,10.0,2155.0,8270.0,1918.0,2,D7,8800000.0,2013-07-03,15.990262279448435
UPPEREASTSIDE(79-96),08RENTALS-ELEVATORAPARTMENTS,2,1529,43,D9,204EAST84THSTREET,10028.0,35.0,1.0,36.0,5517.0,20950.0,1920.0,2,D9,9700000.0,2012-12-26,16.08763644347361
UPPEREASTSIDE(79-96),14RENTALS-4-10UNIT,2B,1543,1,S9,15382AVENUE,10028.0,6.0,4.0,10.0,2550.0,7424.0,1915.0,2,S9,12700000.0,2012-09-19,16.35711255142882
UPPEREASTSIDE(79-96),14RENTALS-4-10UNIT,2B,1549,31,S9,16671AVENUE,10028.0,6.0,2.0,8.0,1691.0,5680.0,1915.0,2,S9,3800000.0,2012-09-28,15.150511624696614
UPPERWESTSIDE(59-79),07RENTALS-WALKUPAPARTMENTS,2B,1163,48,C7,228WEST72NDSTREET,10023.0,9.0,1.0,10.0,2554.0,11820.0,1900.0,2,C7,5540000.0,2012-12-21,15.527505058723467
UPPERWESTSIDE(59-79),08RENTALS-ELEVATORAPARTMENTS,2,1150,35,D9,102WEST79THSTREET,10024.0,39.0,3.0,42.0,4826.0,20281.0,1931.0,2,D9,16650000.0,2013-04-25,16.627920774390727
UPPERWESTSIDE(59-79),14RENTALS-4-10UNIT,2A,1170,142,S3,220WEST79THSTREET,10024.0,3.0,1.0,4.0,1941.0,4126.0,1900.0,2,S3,4400000.0,2012-12-20,15.29711509888849
UPPERWESTSIDE(79-96),01ONEFAMILYHOMES,1,1225,20,S1,129WEST94THSTREET,10025.0,1.0,1.0,2.0,1661.0,3392.0,1910.0,1,S1,3625000.0,2013-10-07,15.103364846270912
UPPERWESTSIDE(79-96),07RENTALS-WALKUPAPARTMENTS,2,1226,37,C7,104WEST96THSTREET,10025.0,27.0,4.0,31.0,5066.0,20857.0,1920.0,2,C7,10.0,2012-01-10,2.302585092994046
UPPERWESTSIDE(79-96),07RENTALS-WALKUPAPARTMENTS,2B,1229,34,C7,450AMSTERDAMAVENUE,10024.0,8.0,2.0,10.0,2175.0,9250.0,1910.0,2,C7,12375000.0,2012-01-08,16.331188866419026
UPPERWESTSIDE(96-116),07RENTALS-WALKUPAPARTMENTS,2,1859,37,C7,106WEST105STREET,10025.0,18.0,2.0,20.0,5551.0,21320.0,1920.0,2,C7,3694374.0,2012-08-30,15.122321679878954
UPPERWESTSIDE(96-116),07RENTALS-WALKUPAPARTMENTS,2,1873,34,C7,852AMSTERDAMAVENUE,10025.0,10.0,2.0,12.0,1556.0,7175.0,1920.0,2,C7,6950000.0,2012-11-13,15.754252217540975
UPPERWESTSIDE(96-116),07RENTALS-WALKUPAPARTMENTS,2,1892,45,C7,2781BROADWAY,10025.0,10.0,1.0,11.0,2683.0,13325.0,1926.0,2,C7,512750.0,2013-06-14,13.147543675934626
UPPERWESTSIDE(96-116),08RENTALS-ELEVATORAPARTMENTS,2,1860,61,D7,933AMSTERDAMAVENUE,10025.0,27.0,3.0,30.0,4783.0,24312.0,1930.0,2,D7,13100000.0,2013-11-07,16.38812278817138
UPPERWESTSIDE(96-116),08RENTALS-ELEVATORAPARTMENTS,2,1875,29,D7,880AMSTERDAMAVENUE,10025.0,42.0,4.0,46.0,7600.0,42126.0,1900.0,2,D7,10.0,2012-01-10,2.302585092994046
WASHINGTONHEIGHTSLOWER,07RENTALS-WALKUPAPARTMENTS,2,2108,65,C7,945ST.NICHOLASAVENUE,10032.0,30.0,2.0,32.0,6420.0,20610.0,1915.0,2,C7,2985000.0,2012-11-15,14.90911030480884
WASHINGTONHEIGHTSLOWER,07RENTALS-WALKUPAPARTMENTS,2,2123,61,C7,502WEST167STREET,10032.0,12.0,1.0,13.0,2125.0,8700.0,1916.0,2,C7,1600000.0,2013-06-06,14.28551418721001
WASHINGTONHEIGHTSLOWER,07RENTALS-WALKUPAPARTMENTS,2,2127,44,C7,2232AMSTERDAMAVENUE,10032.0,22.0,1.0,23.0,4300.0,20820.0,1920.0,2,C7,6730000.0,2013-02-28,15.72208570162091
WASHINGTONHEIGHTSLOWER,07RENTALS-WALKUPAPARTMENTS,2,2144,57,C7,1315ST.NICHOLASAVENUE,10033.0,24.0,4.0,28.0,5690.0,23235.0,1913.0,2,C7,4030000.0,2013-01-16,15.209276933922865
WASHINGTONHEIGHTSLOWER,08RENTALS-ELEVATORAPARTMENTS,2,2114,5,D7,3750BROADWAY,10032.0,34.0,6.0,40.0,9992.0,47163.0,1906.0,2,D7,8300000.0,2013-09-07,15.931766072766827
WASHINGTONHEIGHTSLOWER,08RENTALS-ELEVATORAPARTMENTS,2,2142,175,D7,350FTWASHINGTONAVENUE,10033.0,40.0,2.0,42.0,10230.0,40135.0,1923.0,2,D7,7437593.0,2012-10-25,15.822057832959526
WASHINGTONHEIGHTSUPPER,01ONEFAMILYHOMES,1,2154,61,S0,563WEST182STREET,10033.0,1.0,2.0,3.0,1329.0,2482.0,1901.0,1,S0,526000.0,2013-06-14,13.173056491719846
WASHINGTONHEIGHTSUPPER,01ONEFAMILYHOMES,1,2157,17,S1,398AUDUBONAVE,10033.0,1.0,1.0,2.0,900.0,2500.0,1910.0,1,S1,620000.0,2013-01-31,13.337474757021274
WASHINGTONHEIGHTSUPPER,07RENTALS-WALKUPAPARTMENTS,2,2163,25,C7,661WEST179STREET,10033.0,26.0,5.0,31.0,6800.0,25642.0,1910.0,2,C7,6050000.0,2012-08-22,15.615568830007025
WASHINGTONHEIGHTSUPPER,07RENTALS-WALKUPAPARTMENTS,2,2164,26,C7,190WADSWORTHAVENUE,10033.0,20.0,2.0,22.0,5292.0,21500.0,1910.0,2,C7,6825000.0,2013-12-07,15.736102899035297
